Assembly Accession	Assembly-unit name	Chromosome name	GC Count	GC Percent	GenBank seq accession	Molecule type	RefSeq seq accession	Role	Seq length	UCSC style name	Unlocalized Count	Sequence name
GCA_000001215.4	Primary Assembly	X	9968592	42.5	AE014298.5	Chromosome	NC_004354.4	assembled-molecule	23542271	chrX	446	X
GCA_000001215.4	Primary Assembly	2L	9824400	42	AE014134.6	Chromosome	NT_033779.5	assembled-molecule	23513712	chr2L		2L
GCA_000001215.4	Primary Assembly	2R	10771814	42.5	AE013599.5	Chromosome	NT_033778.4	assembled-molecule	25286936	chr2R		2R
GCA_000001215.4	Primary Assembly	3L	11650188	41.5	AE014296.5	Chromosome	NT_037436.4	assembled-molecule	28110227	chr3L		3L
GCA_000001215.4	Primary Assembly	3R	13651614	42.5	AE014297.3	Chromosome	NT_033777.3	assembled-molecule	32079331	chr3R		3R
GCA_000001215.4	Primary Assembly	4	469221	35	AE014135.4	Chromosome	NC_004353.4	assembled-molecule	1348131	chr4		4
GCA_000001215.4	Primary Assembly	Y	1344304	39.5	CP007106.1	Chromosome	NC_024512.1	assembled-molecule	3667352	chrY	199	Y
GCA_000001215.4	Primary Assembly	X			CP007103.1	Chromosome	NW_007931105.1	unlocalized-scaffold	33320	chrX_CP007103v1_random	446	X3X4_mapped_Scaffold_6_D1712
GCA_000001215.4	Primary Assembly	X			CP007104.1	Chromosome	NW_007931106.1	unlocalized-scaffold	27447	chrX_CP007104v1_random	446	X3X4_mapped_Scaffold_14_D1732
GCA_000001215.4	Primary Assembly	X			DS483648.1	Chromosome	NW_001844937.1	unlocalized-scaffold	13940	chrX_DS483648v1_random	446	211000022278498
GCA_000001215.4	Primary Assembly	X			DS483655.1	Chromosome	NW_001844944.1	unlocalized-scaffold	13549	chrX_DS483655v1_random	446	211000022279009
GCA_000001215.4	Primary Assembly	X			DS483660.1	Chromosome	NW_001844949.1	unlocalized-scaffold	13394	chrX_DS483660v1_random	446	211000022280042
GCA_000001215.4	Primary Assembly	X			DS483665.1	Chromosome	NW_001844954.1	unlocalized-scaffold	13234	chrX_DS483665v1_random	446	211000022279446
GCA_000001215.4	Primary Assembly	X			DS483666.1	Chromosome	NW_001844955.1	unlocalized-scaffold	13108	chrX_DS483666v1_random	446	211000022280270
GCA_000001215.4	Primary Assembly	X			DS483669.1	Chromosome	NW_001844958.1	unlocalized-scaffold	12848	chrX_DS483669v1_random	446	211000022279008
GCA_000001215.4	Primary Assembly	X			DS483685.1	Chromosome	NW_001844974.1	unlocalized-scaffold	12187	chrX_DS483685v1_random	446	211000022279676
GCA_000001215.4	Primary Assembly	X			DS483698.1	Chromosome	NW_001844987.1	unlocalized-scaffold	11522	chrX_DS483698v1_random	446	211000022279836
GCA_000001215.4	Primary Assembly	X			DS483745.1	Chromosome	NW_001845034.1	unlocalized-scaffold	9368	chrX_DS483745v1_random	446	211000022280526
GCA_000001215.4	Primary Assembly	X			DS483784.1	Chromosome	NW_001845073.1	unlocalized-scaffold	5832	chrX_DS483784v1_random	446	211000022279563
GCA_000001215.4	Primary Assembly	X			DS483789.1	Chromosome	NW_001845078.1	unlocalized-scaffold	5555	chrX_DS483789v1_random	446	211000022279955
GCA_000001215.4	Primary Assembly	X			DS483795.1	Chromosome	NW_001845084.1	unlocalized-scaffold	5387	chrX_DS483795v1_random	446	211000022280241
GCA_000001215.4	Primary Assembly	X			DS483803.1	Chromosome	NW_001845092.1	unlocalized-scaffold	5232	chrX_DS483803v1_random	446	211000022280466
GCA_000001215.4	Primary Assembly	X			DS483809.1	Chromosome	NW_001845098.1	unlocalized-scaffold	5057	chrX_DS483809v1_random	446	211000022279883
GCA_000001215.4	Primary Assembly	X			DS483818.1	Chromosome	NW_001845107.1	unlocalized-scaffold	4917	chrX_DS483818v1_random	446	211000022280649
GCA_000001215.4	Primary Assembly	X			DS483821.1	Chromosome	NW_001845110.1	unlocalized-scaffold	4879	chrX_DS483821v1_random	446	211000022280645
GCA_000001215.4	Primary Assembly	X			DS483843.1	Chromosome	NW_001845132.1	unlocalized-scaffold	4515	chrX_DS483843v1_random	446	211000022279705
GCA_000001215.4	Primary Assembly	X			DS483851.1	Chromosome	NW_001845140.1	unlocalized-scaffold	4395	chrX_DS483851v1_random	446	211000022280624
GCA_000001215.4	Primary Assembly	X			DS483885.1	Chromosome	NW_001845174.1	unlocalized-scaffold	4085	chrX_DS483885v1_random	446	211000022280479
GCA_000001215.4	Primary Assembly	X			DS483888.1	Chromosome	NW_001845177.1	unlocalized-scaffold	4072	chrX_DS483888v1_random	446	211000022280016
GCA_000001215.4	Primary Assembly	X			DS483892.1	Chromosome	NW_001845181.1	unlocalized-scaffold	4013	chrX_DS483892v1_random	446	211000022280529
GCA_000001215.4	Primary Assembly	X			DS483893.1	Chromosome	NW_001845182.1	unlocalized-scaffold	4012	chrX_DS483893v1_random	446	211000022280539
GCA_000001215.4	Primary Assembly	X			DS483897.1	Chromosome	NW_001845186.1	unlocalized-scaffold	3984	chrX_DS483897v1_random	446	211000022279731
GCA_000001215.4	Primary Assembly	X			DS483903.1	Chromosome	NW_001845192.1	unlocalized-scaffold	3941	chrX_DS483903v1_random	446	211000022280603
GCA_000001215.4	Primary Assembly	X			DS483905.1	Chromosome	NW_001845194.1	unlocalized-scaffold	3926	chrX_DS483905v1_random	446	211000022279673
GCA_000001215.4	Primary Assembly	X			DS483907.1	Chromosome	NW_001845196.1	unlocalized-scaffold	3921	chrX_DS483907v1_random	446	211000022280439
GCA_000001215.4	Primary Assembly	X			DS483909.1	Chromosome	NW_001845198.1	unlocalized-scaffold	3913	chrX_DS483909v1_random	446	211000022280593
GCA_000001215.4	Primary Assembly	X			DS483923.1	Chromosome	NW_001845212.1	unlocalized-scaffold	3775	chrX_DS483923v1_random	446	211000022280629
GCA_000001215.4	Primary Assembly	X			DS483926.1	Chromosome	NW_001845215.1	unlocalized-scaffold	3745	chrX_DS483926v1_random	446	211000022280625
GCA_000001215.4	Primary Assembly	X			DS483928.1	Chromosome	NW_001845217.1	unlocalized-scaffold	3730	chrX_DS483928v1_random	446	211000022280495
GCA_000001215.4	Primary Assembly	X			DS483946.1	Chromosome	NW_001845235.1	unlocalized-scaffold	3603	chrX_DS483946v1_random	446	211000022280620
GCA_000001215.4	Primary Assembly	X			DS483948.1	Chromosome	NW_001845237.1	unlocalized-scaffold	3602	chrX_DS483948v1_random	446	211000022280578
GCA_000001215.4	Primary Assembly	X			DS483950.1	Chromosome	NW_001845239.1	unlocalized-scaffold	3582	chrX_DS483950v1_random	446	211000022280470
GCA_000001215.4	Primary Assembly	X			DS483955.1	Chromosome	NW_001845244.1	unlocalized-scaffold	3553	chrX_DS483955v1_random	446	211000022279730
GCA_000001215.4	Primary Assembly	X			DS483963.1	Chromosome	NW_001845252.1	unlocalized-scaffold	3523	chrX_DS483963v1_random	446	211000022278896
GCA_000001215.4	Primary Assembly	X			DS483969.1	Chromosome	NW_001845258.1	unlocalized-scaffold	3498	chrX_DS483969v1_random	446	211000022280668
GCA_000001215.4	Primary Assembly	X			DS483971.1	Chromosome	NW_001845260.1	unlocalized-scaffold	3478	chrX_DS483971v1_random	446	211000022279499
GCA_000001215.4	Primary Assembly	X			DS483974.1	Chromosome	NW_001845263.1	unlocalized-scaffold	3473	chrX_DS483974v1_random	446	211000022280597
GCA_000001215.4	Primary Assembly	X			DS483995.1	Chromosome	NW_001845284.1	unlocalized-scaffold	3347	chrX_DS483995v1_random	446	211000022279188
GCA_000001215.4	Primary Assembly	X			DS484002.1	Chromosome	NW_001845291.1	unlocalized-scaffold	3290	chrX_DS484002v1_random	446	211000022279772
GCA_000001215.4	Primary Assembly	X			DS484005.1	Chromosome	NW_001845294.1	unlocalized-scaffold	3275	chrX_DS484005v1_random	446	211000022279497
GCA_000001215.4	Primary Assembly	X			DS484012.1	Chromosome	NW_001845301.1	unlocalized-scaffold	3254	chrX_DS484012v1_random	446	211000022278361
GCA_000001215.4	Primary Assembly	X			DS484023.1	Chromosome	NW_001845312.1	unlocalized-scaffold	3206	chrX_DS484023v1_random	446	211000022278544
GCA_000001215.4	Primary Assembly	X			DS484026.1	Chromosome	NW_001845315.1	unlocalized-scaffold	3201	chrX_DS484026v1_random	446	211000022280669
GCA_000001215.4	Primary Assembly	X			DS484046.1	Chromosome	NW_001845335.1	unlocalized-scaffold	3123	chrX_DS484046v1_random	446	211000022280587
GCA_000001215.4	Primary Assembly	X			DS484051.1	Chromosome	NW_001845340.1	unlocalized-scaffold	3100	chrX_DS484051v1_random	446	211000022280538
GCA_000001215.4	Primary Assembly	X			DS484057.1	Chromosome	NW_001845346.1	unlocalized-scaffold	3076	chrX_DS484057v1_random	446	211000022279109
GCA_000001215.4	Primary Assembly	X			DS484060.1	Chromosome	NW_001845349.1	unlocalized-scaffold	3065	chrX_DS484060v1_random	446	211000022280641
GCA_000001215.4	Primary Assembly	X			DS484061.1	Chromosome	NW_001845350.1	unlocalized-scaffold	3059	chrX_DS484061v1_random	446	211000022280532
GCA_000001215.4	Primary Assembly	X			DS484067.1	Chromosome	NW_001845356.1	unlocalized-scaffold	3024	chrX_DS484067v1_random	446	211000022279460
GCA_000001215.4	Primary Assembly	X			DS484072.1	Chromosome	NW_001845361.1	unlocalized-scaffold	3002	chrX_DS484072v1_random	446	211000022279081
GCA_000001215.4	Primary Assembly	X			DS484074.1	Chromosome	NW_001845363.1	unlocalized-scaffold	2999	chrX_DS484074v1_random	446	211000022278235
GCA_000001215.4	Primary Assembly	X			DS484075.1	Chromosome	NW_001845364.1	unlocalized-scaffold	2996	chrX_DS484075v1_random	446	211000022280542
GCA_000001215.4	Primary Assembly	X			DS484081.1	Chromosome	NW_001845370.1	unlocalized-scaffold	2964	chrX_DS484081v1_random	446	211000022280584
GCA_000001215.4	Primary Assembly	X			DS484084.1	Chromosome	NW_001845373.1	unlocalized-scaffold	2956	chrX_DS484084v1_random	446	211000022278208
GCA_000001215.4	Primary Assembly	X			DS484085.1	Chromosome	NW_001845374.1	unlocalized-scaffold	2945	chrX_DS484085v1_random	446	211000022279277
GCA_000001215.4	Primary Assembly	X			DS484088.1	Chromosome	NW_001845377.1	unlocalized-scaffold	2937	chrX_DS484088v1_random	446	211000022279608
GCA_000001215.4	Primary Assembly	X			DS484099.1	Chromosome	NW_001845388.1	unlocalized-scaffold	2910	chrX_DS484099v1_random	446	211000022280639
GCA_000001215.4	Primary Assembly	X			DS484101.1	Chromosome	NW_001845390.1	unlocalized-scaffold	2904	chrX_DS484101v1_random	446	211000022278724
GCA_000001215.4	Primary Assembly	X			DS484112.1	Chromosome	NW_001845401.1	unlocalized-scaffold	2877	chrX_DS484112v1_random	446	211000022278846
GCA_000001215.4	Primary Assembly	X			DS484114.1	Chromosome	NW_001845403.1	unlocalized-scaffold	2871	chrX_DS484114v1_random	446	211000022278868
GCA_000001215.4	Primary Assembly	X			DS484124.1	Chromosome	NW_001845413.1	unlocalized-scaffold	2846	chrX_DS484124v1_random	446	211000022279968
GCA_000001215.4	Primary Assembly	X			DS484125.1	Chromosome	NW_001845414.1	unlocalized-scaffold	2844	chrX_DS484125v1_random	446	211000022279698
GCA_000001215.4	Primary Assembly	X			DS484126.1	Chromosome	NW_001845415.1	unlocalized-scaffold	2841	chrX_DS484126v1_random	446	211000022278463
GCA_000001215.4	Primary Assembly	X			DS484130.1	Chromosome	NW_001845419.1	unlocalized-scaffold	2834	chrX_DS484130v1_random	446	211000022279552
GCA_000001215.4	Primary Assembly	X			DS484131.1	Chromosome	NW_001845420.1	unlocalized-scaffold	2833	chrX_DS484131v1_random	446	211000022279703
GCA_000001215.4	Primary Assembly	X			DS484132.1	Chromosome	NW_001845421.1	unlocalized-scaffold	2830	chrX_DS484132v1_random	446	211000022280642
GCA_000001215.4	Primary Assembly	X			DS484133.1	Chromosome	NW_001845422.1	unlocalized-scaffold	2829	chrX_DS484133v1_random	446	211000022280592
GCA_000001215.4	Primary Assembly	X			DS484135.1	Chromosome	NW_001845424.1	unlocalized-scaffold	2825	chrX_DS484135v1_random	446	211000022279408
GCA_000001215.4	Primary Assembly	X			DS484136.1	Chromosome	NW_001845425.1	unlocalized-scaffold	2823	chrX_DS484136v1_random	446	211000022278821
GCA_000001215.4	Primary Assembly	X			DS484137.1	Chromosome	NW_001845426.1	unlocalized-scaffold	2822	chrX_DS484137v1_random	446	211000022279082
GCA_000001215.4	Primary Assembly	X			DS484140.1	Chromosome	NW_001845429.1	unlocalized-scaffold	2819	chrX_DS484140v1_random	446	211000022280537
GCA_000001215.4	Primary Assembly	X			DS484143.1	Chromosome	NW_001845432.1	unlocalized-scaffold	2814	chrX_DS484143v1_random	446	211000022279502
GCA_000001215.4	Primary Assembly	X			DS484161.1	Chromosome	NW_001845450.1	unlocalized-scaffold	2781	chrX_DS484161v1_random	446	211000022278209
GCA_000001215.4	Primary Assembly	X			DS484162.1	Chromosome	NW_001845451.1	unlocalized-scaffold	2765	chrX_DS484162v1_random	446	211000022279298
GCA_000001215.4	Primary Assembly	X			DS484165.1	Chromosome	NW_001845454.1	unlocalized-scaffold	2751	chrX_DS484165v1_random	446	211000022279287
GCA_000001215.4	Primary Assembly	X			DS484166.1	Chromosome	NW_001845455.1	unlocalized-scaffold	2750	chrX_DS484166v1_random	446	211000022280632
GCA_000001215.4	Primary Assembly	X			DS484178.1	Chromosome	NW_001845467.1	unlocalized-scaffold	2698	chrX_DS484178v1_random	446	211000022278921
GCA_000001215.4	Primary Assembly	X			DS484182.1	Chromosome	NW_001845471.1	unlocalized-scaffold	2689	chrX_DS484182v1_random	446	211000022278645
GCA_000001215.4	Primary Assembly	X			DS484185.1	Chromosome	NW_001845474.1	unlocalized-scaffold	2686	chrX_DS484185v1_random	446	211000022280148
GCA_000001215.4	Primary Assembly	X			DS484187.1	Chromosome	NW_001845476.1	unlocalized-scaffold	2671	chrX_DS484187v1_random	446	211000022280095
GCA_000001215.4	Primary Assembly	X			DS484198.1	Chromosome	NW_001845487.1	unlocalized-scaffold	2641	chrX_DS484198v1_random	446	211000022278630
GCA_000001215.4	Primary Assembly	X			DS484200.1	Chromosome	NW_001845489.1	unlocalized-scaffold	2639	chrX_DS484200v1_random	446	211000022278316
GCA_000001215.4	Primary Assembly	X			DS484201.1	Chromosome	NW_001845490.1	unlocalized-scaffold	2637	chrX_DS484201v1_random	446	211000022278615
GCA_000001215.4	Primary Assembly	X			DS484203.1	Chromosome	NW_001845492.1	unlocalized-scaffold	2635	chrX_DS484203v1_random	446	211000022279917
GCA_000001215.4	Primary Assembly	X			DS484215.1	Chromosome	NW_001845504.1	unlocalized-scaffold	2605	chrX_DS484215v1_random	446	211000022278648
GCA_000001215.4	Primary Assembly	X			DS484216.1	Chromosome	NW_001845505.1	unlocalized-scaffold	2603	chrX_DS484216v1_random	446	211000022280062
GCA_000001215.4	Primary Assembly	X			DS484219.1	Chromosome	NW_001845508.1	unlocalized-scaffold	2591	chrX_DS484219v1_random	446	211000022278299
GCA_000001215.4	Primary Assembly	X			DS484235.1	Chromosome	NW_001845524.1	unlocalized-scaffold	2557	chrX_DS484235v1_random	446	211000022278489
GCA_000001215.4	Primary Assembly	X			DS484252.1	Chromosome	NW_001845541.1	unlocalized-scaffold	2520	chrX_DS484252v1_random	446	211000022278831
GCA_000001215.4	Primary Assembly	X			DS484260.1	Chromosome	NW_001845549.1	unlocalized-scaffold	2505	chrX_DS484260v1_random	446	211000022279062
GCA_000001215.4	Primary Assembly	X			DS484261.1	Chromosome	NW_001845550.1	unlocalized-scaffold	2500	chrX_DS484261v1_random	446	211000022278622
GCA_000001215.4	Primary Assembly	X			DS484268.1	Chromosome	NW_001845557.1	unlocalized-scaffold	2475	chrX_DS484268v1_random	446	211000022279902
GCA_000001215.4	Primary Assembly	X			DS484272.1	Chromosome	NW_001845561.1	unlocalized-scaffold	2464	chrX_DS484272v1_random	446	211000022278172
GCA_000001215.4	Primary Assembly	X			DS484273.1	Chromosome	NW_001845562.1	unlocalized-scaffold	2463	chrX_DS484273v1_random	446	211000022279994
GCA_000001215.4	Primary Assembly	X			DS484278.1	Chromosome	NW_001845567.1	unlocalized-scaffold	2439	chrX_DS484278v1_random	446	211000022280586
GCA_000001215.4	Primary Assembly	X			DS484284.1	Chromosome	NW_001845573.1	unlocalized-scaffold	2432	chrX_DS484284v1_random	446	211000022278225
GCA_000001215.4	Primary Assembly	X			DS484288.1	Chromosome	NW_001845577.1	unlocalized-scaffold	2425	chrX_DS484288v1_random	446	211000022278828
GCA_000001215.4	Primary Assembly	X			DS484293.1	Chromosome	NW_001845582.1	unlocalized-scaffold	2420	chrX_DS484293v1_random	446	211000022279537
GCA_000001215.4	Primary Assembly	X			DS484297.1	Chromosome	NW_001845586.1	unlocalized-scaffold	2413	chrX_DS484297v1_random	446	211000022279967
GCA_000001215.4	Primary Assembly	X			DS484298.1	Chromosome	NW_001845587.1	unlocalized-scaffold	2412	chrX_DS484298v1_random	446	211000022278578
GCA_000001215.4	Primary Assembly	X			DS484305.1	Chromosome	NW_001845594.1	unlocalized-scaffold	2389	chrX_DS484305v1_random	446	211000022278908
GCA_000001215.4	Primary Assembly	X			DS484316.1	Chromosome	NW_001845605.1	unlocalized-scaffold	2379	chrX_DS484316v1_random	446	211000022280453
GCA_000001215.4	Primary Assembly	X			DS484319.1	Chromosome	NW_001845608.1	unlocalized-scaffold	2372	chrX_DS484319v1_random	446	211000022279530
GCA_000001215.4	Primary Assembly	X			DS484322.1	Chromosome	NW_001845611.1	unlocalized-scaffold	2366	chrX_DS484322v1_random	446	211000022279340
GCA_000001215.4	Primary Assembly	X			DS484323.1	Chromosome	NW_001845612.1	unlocalized-scaffold	2363	chrX_DS484323v1_random	446	211000022278844
GCA_000001215.4	Primary Assembly	X			DS484326.1	Chromosome	NW_001845615.1	unlocalized-scaffold	2357	chrX_DS484326v1_random	446	211000022280507
GCA_000001215.4	Primary Assembly	X			DS484328.1	Chromosome	NW_001845617.1	unlocalized-scaffold	2355	chrX_DS484328v1_random	446	211000022279704
GCA_000001215.4	Primary Assembly	X			DS484330.1	Chromosome	NW_001845619.1	unlocalized-scaffold	2353	chrX_DS484330v1_random	446	211000022280534
GCA_000001215.4	Primary Assembly	X			DS484337.1	Chromosome	NW_001845626.1	unlocalized-scaffold	2335	chrX_DS484337v1_random	446	211000022278649
GCA_000001215.4	Primary Assembly	X			DS484341.1	Chromosome	NW_001845630.1	unlocalized-scaffold	2328	chrX_DS484341v1_random	446	211000022280633
GCA_000001215.4	Primary Assembly	X			DS484344.1	Chromosome	NW_001845633.1	unlocalized-scaffold	2322	chrX_DS484344v1_random	446	211000022279092
GCA_000001215.4	Primary Assembly	X			DS484345.1	Chromosome	NW_001845634.1	unlocalized-scaffold	2318	chrX_DS484345v1_random	446	211000022279774
GCA_000001215.4	Primary Assembly	X			DS484346.1	Chromosome	NW_001845635.1	unlocalized-scaffold	2317	chrX_DS484346v1_random	446	211000022279504
GCA_000001215.4	Primary Assembly	X			DS484349.1	Chromosome	NW_001845638.1	unlocalized-scaffold	2307	chrX_DS484349v1_random	446	211000022278810
GCA_000001215.4	Primary Assembly	X			DS484354.1	Chromosome	NW_001845643.1	unlocalized-scaffold	2293	chrX_DS484354v1_random	446	211000022278557
GCA_000001215.4	Primary Assembly	X			DS484356.1	Chromosome	NW_001845645.1	unlocalized-scaffold	2289	chrX_DS484356v1_random	446	211000022279689
GCA_000001215.4	Primary Assembly	X			DS484357.1	Chromosome	NW_001845646.1	unlocalized-scaffold	2287	chrX_DS484357v1_random	446	211000022279085
GCA_000001215.4	Primary Assembly	X			DS484358.1	Chromosome	NW_001845647.1	unlocalized-scaffold	2286	chrX_DS484358v1_random	446	211000022278341
GCA_000001215.4	Primary Assembly	X			DS484359.1	Chromosome	NW_001845648.1	unlocalized-scaffold	2284	chrX_DS484359v1_random	446	211000022279553
GCA_000001215.4	Primary Assembly	X			DS484360.1	Chromosome	NW_001845649.1	unlocalized-scaffold	2283	chrX_DS484360v1_random	446	211000022278823
GCA_000001215.4	Primary Assembly	X			DS484361.1	Chromosome	NW_001845650.1	unlocalized-scaffold	2282	chrX_DS484361v1_random	446	211000022279732
GCA_000001215.4	Primary Assembly	X			DS484362.1	Chromosome	NW_001845651.1	unlocalized-scaffold	2273	chrX_DS484362v1_random	446	211000022278612
GCA_000001215.4	Primary Assembly	X			DS484364.1	Chromosome	NW_001845653.1	unlocalized-scaffold	2269	chrX_DS484364v1_random	446	211000022278639
GCA_000001215.4	Primary Assembly	X			DS484367.1	Chromosome	NW_001845656.1	unlocalized-scaffold	2259	chrX_DS484367v1_random	446	211000022278249
GCA_000001215.4	Primary Assembly	X			DS484368.1	Chromosome	NW_001845657.1	unlocalized-scaffold	2259	chrX_DS484368v1_random	446	211000022278629
GCA_000001215.4	Primary Assembly	X			DS484371.1	Chromosome	NW_001845660.1	unlocalized-scaffold	2247	chrX_DS484371v1_random	446	211000022280330
GCA_000001215.4	Primary Assembly	X			DS484374.1	Chromosome	NW_001845663.1	unlocalized-scaffold	2237	chrX_DS484374v1_random	446	211000022279299
GCA_000001215.4	Primary Assembly	X			DS484379.1	Chromosome	NW_001845668.1	unlocalized-scaffold	2228	chrX_DS484379v1_random	446	211000022278513
GCA_000001215.4	Primary Assembly	X			DS484382.1	Chromosome	NW_001845671.1	unlocalized-scaffold	2223	chrX_DS484382v1_random	446	211000022280088
GCA_000001215.4	Primary Assembly	X			DS484384.1	Chromosome	NW_001845673.1	unlocalized-scaffold	2220	chrX_DS484384v1_random	446	211000022279514
GCA_000001215.4	Primary Assembly	X			DS484387.1	Chromosome	NW_001845676.1	unlocalized-scaffold	2210	chrX_DS484387v1_random	446	211000022280442
GCA_000001215.4	Primary Assembly	X			DS484388.1	Chromosome	NW_001845677.1	unlocalized-scaffold	2209	chrX_DS484388v1_random	446	211000022278461
GCA_000001215.4	Primary Assembly	X			DS484393.1	Chromosome	NW_001845682.1	unlocalized-scaffold	2201	chrX_DS484393v1_random	446	211000022278608
GCA_000001215.4	Primary Assembly	X			DS484397.1	Chromosome	NW_001845686.1	unlocalized-scaffold	2196	chrX_DS484397v1_random	446	211000022278628
GCA_000001215.4	Primary Assembly	X			DS484399.1	Chromosome	NW_001845688.1	unlocalized-scaffold	2192	chrX_DS484399v1_random	446	211000022278359
GCA_000001215.4	Primary Assembly	X			DS484401.1	Chromosome	NW_001845690.1	unlocalized-scaffold	2189	chrX_DS484401v1_random	446	211000022278555
GCA_000001215.4	Primary Assembly	X			DS484402.1	Chromosome	NW_001845691.1	unlocalized-scaffold	2189	chrX_DS484402v1_random	446	211000022278467
GCA_000001215.4	Primary Assembly	X			DS484406.1	Chromosome	NW_001845695.1	unlocalized-scaffold	2177	chrX_DS484406v1_random	446	211000022278775
GCA_000001215.4	Primary Assembly	X			DS484409.1	Chromosome	NW_001845698.1	unlocalized-scaffold	2166	chrX_DS484409v1_random	446	211000022278853
GCA_000001215.4	Primary Assembly	X			DS484411.1	Chromosome	NW_001845700.1	unlocalized-scaffold	2161	chrX_DS484411v1_random	446	211000022278616
GCA_000001215.4	Primary Assembly	X			DS484415.1	Chromosome	NW_001845704.1	unlocalized-scaffold	2147	chrX_DS484415v1_random	446	211000022278825
GCA_000001215.4	Primary Assembly	X			DS484417.1	Chromosome	NW_001845706.1	unlocalized-scaffold	2139	chrX_DS484417v1_random	446	211000022279834
GCA_000001215.4	Primary Assembly	X			DS484419.1	Chromosome	NW_001845708.1	unlocalized-scaffold	2132	chrX_DS484419v1_random	446	211000022279084
GCA_000001215.4	Primary Assembly	X			DS484423.1	Chromosome	NW_001845712.1	unlocalized-scaffold	2126	chrX_DS484423v1_random	446	211000022279307
GCA_000001215.4	Primary Assembly	X			DS484428.1	Chromosome	NW_001845717.1	unlocalized-scaffold	2114	chrX_DS484428v1_random	446	211000022278353
GCA_000001215.4	Primary Assembly	X			DS484429.1	Chromosome	NW_001845718.1	unlocalized-scaffold	2113	chrX_DS484429v1_random	446	211000022278320
GCA_000001215.4	Primary Assembly	X			DS484430.1	Chromosome	NW_001845719.1	unlocalized-scaffold	2113	chrX_DS484430v1_random	446	211000022278343
GCA_000001215.4	Primary Assembly	X			DS484431.1	Chromosome	NW_001845720.1	unlocalized-scaffold	2113	chrX_DS484431v1_random	446	211000022278490
GCA_000001215.4	Primary Assembly	X			DS484433.1	Chromosome	NW_001845722.1	unlocalized-scaffold	2109	chrX_DS484433v1_random	446	211000022279305
GCA_000001215.4	Primary Assembly	X			DS484442.1	Chromosome	NW_001845731.1	unlocalized-scaffold	2096	chrX_DS484442v1_random	446	211000022278840
GCA_000001215.4	Primary Assembly	X			DS484444.1	Chromosome	NW_001845733.1	unlocalized-scaffold	2094	chrX_DS484444v1_random	446	211000022279063
GCA_000001215.4	Primary Assembly	X			DS484447.1	Chromosome	NW_001845736.1	unlocalized-scaffold	2089	chrX_DS484447v1_random	446	211000022278431
GCA_000001215.4	Primary Assembly	X			DS484450.1	Chromosome	NW_001845739.1	unlocalized-scaffold	2087	chrX_DS484450v1_random	446	211000022278464
GCA_000001215.4	Primary Assembly	X			DS484457.1	Chromosome	NW_001845746.1	unlocalized-scaffold	2079	chrX_DS484457v1_random	446	211000022278845
GCA_000001215.4	Primary Assembly	X			DS484459.1	Chromosome	NW_001845748.1	unlocalized-scaffold	2078	chrX_DS484459v1_random	446	211000022278226
GCA_000001215.4	Primary Assembly	X			DS484462.1	Chromosome	NW_001845751.1	unlocalized-scaffold	2068	chrX_DS484462v1_random	446	211000022279601
GCA_000001215.4	Primary Assembly	X			DS484468.1	Chromosome	NW_001845757.1	unlocalized-scaffold	2060	chrX_DS484468v1_random	446	211000022279715
GCA_000001215.4	Primary Assembly	X			DS484474.1	Chromosome	NW_001845763.1	unlocalized-scaffold	2044	chrX_DS484474v1_random	446	211000022279332
GCA_000001215.4	Primary Assembly	X			DS484477.1	Chromosome	NW_001845766.1	unlocalized-scaffold	2035	chrX_DS484477v1_random	446	211000022278695
GCA_000001215.4	Primary Assembly	X			DS484483.1	Chromosome	NW_001845772.1	unlocalized-scaffold	2021	chrX_DS484483v1_random	446	211000022278817
GCA_000001215.4	Primary Assembly	X			DS484488.1	Chromosome	NW_001845777.1	unlocalized-scaffold	2009	chrX_DS484488v1_random	446	211000022280594
GCA_000001215.4	Primary Assembly	X			DS484497.1	Chromosome	NW_001845786.1	unlocalized-scaffold	1998	chrX_DS484497v1_random	446	211000022278482
GCA_000001215.4	Primary Assembly	X			DS484500.1	Chromosome	NW_001845789.1	unlocalized-scaffold	1993	chrX_DS484500v1_random	446	211000022278820
GCA_000001215.4	Primary Assembly	X			DS484504.1	Chromosome	NW_001845793.1	unlocalized-scaffold	1986	chrX_DS484504v1_random	446	211000022278619
GCA_000001215.4	Primary Assembly	X			DS484506.1	Chromosome	NW_001845795.1	unlocalized-scaffold	1980	chrX_DS484506v1_random	446	211000022278976
GCA_000001215.4	Primary Assembly	X			DS484507.1	Chromosome	NW_001845796.1	unlocalized-scaffold	1978	chrX_DS484507v1_random	446	211000022278233
GCA_000001215.4	Primary Assembly	X			DS484512.1	Chromosome	NW_001845801.1	unlocalized-scaffold	1970	chrX_DS484512v1_random	446	211000022278317
GCA_000001215.4	Primary Assembly	X			DS484518.1	Chromosome	NW_001845807.1	unlocalized-scaffold	1964	chrX_DS484518v1_random	446	211000022278321
GCA_000001215.4	Primary Assembly	X			DS484519.1	Chromosome	NW_001845808.1	unlocalized-scaffold	1963	chrX_DS484519v1_random	446	211000022278879
GCA_000001215.4	Primary Assembly	X			DS484526.1	Chromosome	NW_001845815.1	unlocalized-scaffold	1956	chrX_DS484526v1_random	446	211000022278229
GCA_000001215.4	Primary Assembly	X			DS484529.1	Chromosome	NW_001845818.1	unlocalized-scaffold	1947	chrX_DS484529v1_random	446	211000022278319
GCA_000001215.4	Primary Assembly	X			DS484533.1	Chromosome	NW_001845822.1	unlocalized-scaffold	1944	chrX_DS484533v1_random	446	211000022278460
GCA_000001215.4	Primary Assembly	X			DS484535.1	Chromosome	NW_001845824.1	unlocalized-scaffold	1939	chrX_DS484535v1_random	446	211000022279075
GCA_000001215.4	Primary Assembly	X			DS484538.1	Chromosome	NW_001845827.1	unlocalized-scaffold	1936	chrX_DS484538v1_random	446	211000022280612
GCA_000001215.4	Primary Assembly	X			DS484540.1	Chromosome	NW_001845829.1	unlocalized-scaffold	1935	chrX_DS484540v1_random	446	211000022278643
GCA_000001215.4	Primary Assembly	X			DS484541.1	Chromosome	NW_001845830.1	unlocalized-scaffold	1933	chrX_DS484541v1_random	446	211000022279245
GCA_000001215.4	Primary Assembly	X			DS484545.1	Chromosome	NW_001845834.1	unlocalized-scaffold	1928	chrX_DS484545v1_random	446	211000022278627
GCA_000001215.4	Primary Assembly	X			DS484547.1	Chromosome	NW_001845836.1	unlocalized-scaffold	1927	chrX_DS484547v1_random	446	211000022278480
GCA_000001215.4	Primary Assembly	X			DS484552.1	Chromosome	NW_001845841.1	unlocalized-scaffold	1920	chrX_DS484552v1_random	446	211000022278365
GCA_000001215.4	Primary Assembly	X			DS484555.1	Chromosome	NW_001845844.1	unlocalized-scaffold	1916	chrX_DS484555v1_random	446	211000022278812
GCA_000001215.4	Primary Assembly	X			DS484556.1	Chromosome	NW_001845845.1	unlocalized-scaffold	1916	chrX_DS484556v1_random	446	211000022280622
GCA_000001215.4	Primary Assembly	X			DS484558.1	Chromosome	NW_001845847.1	unlocalized-scaffold	1906	chrX_DS484558v1_random	446	211000022278468
GCA_000001215.4	Primary Assembly	X			DS484560.1	Chromosome	NW_001845849.1	unlocalized-scaffold	1904	chrX_DS484560v1_random	446	211000022279072
GCA_000001215.4	Primary Assembly	X			DS484562.1	Chromosome	NW_001845851.1	unlocalized-scaffold	1903	chrX_DS484562v1_random	446	211000022280657
GCA_000001215.4	Primary Assembly	X			DS484563.1	Chromosome	NW_001845852.1	unlocalized-scaffold	1903	chrX_DS484563v1_random	446	211000022280628
GCA_000001215.4	Primary Assembly	X			DS484564.1	Chromosome	NW_001845853.1	unlocalized-scaffold	1902	chrX_DS484564v1_random	446	211000022278462
GCA_000001215.4	Primary Assembly	X			DS484568.1	Chromosome	NW_001845857.1	unlocalized-scaffold	1899	chrX_DS484568v1_random	446	211000022278346
GCA_000001215.4	Primary Assembly	X			DS484569.1	Chromosome	NW_001845858.1	unlocalized-scaffold	1895	chrX_DS484569v1_random	446	211000022278815
GCA_000001215.4	Primary Assembly	X			DS484570.1	Chromosome	NW_001845859.1	unlocalized-scaffold	1895	chrX_DS484570v1_random	446	211000022278826
GCA_000001215.4	Primary Assembly	X			DS484572.1	Chromosome	NW_001845861.1	unlocalized-scaffold	1891	chrX_DS484572v1_random	446	211000022278694
GCA_000001215.4	Primary Assembly	X			DS484576.1	Chromosome	NW_001845865.1	unlocalized-scaffold	1888	chrX_DS484576v1_random	446	211000022278411
GCA_000001215.4	Primary Assembly	X			DS484580.1	Chromosome	NW_001845869.1	unlocalized-scaffold	1871	chrX_DS484580v1_random	446	211000022279303
GCA_000001215.4	Primary Assembly	X			DS484582.1	Chromosome	NW_001845871.1	unlocalized-scaffold	1870	chrX_DS484582v1_random	446	211000022278318
GCA_000001215.4	Primary Assembly	X			DS484583.1	Chromosome	NW_001845872.1	unlocalized-scaffold	1869	chrX_DS484583v1_random	446	211000022278352
GCA_000001215.4	Primary Assembly	X			DS484585.1	Chromosome	NW_001845874.1	unlocalized-scaffold	1869	chrX_DS484585v1_random	446	211000022278277
GCA_000001215.4	Primary Assembly	X			DS484586.1	Chromosome	NW_001845875.1	unlocalized-scaffold	1868	chrX_DS484586v1_random	446	211000022280585
GCA_000001215.4	Primary Assembly	X			DS484587.1	Chromosome	NW_001845876.1	unlocalized-scaffold	1865	chrX_DS484587v1_random	446	211000022278636
GCA_000001215.4	Primary Assembly	X			DS484590.1	Chromosome	NW_001845879.1	unlocalized-scaffold	1856	chrX_DS484590v1_random	446	211000022278854
GCA_000001215.4	Primary Assembly	X			DS484594.1	Chromosome	NW_001845883.1	unlocalized-scaffold	1843	chrX_DS484594v1_random	446	211000022278325
GCA_000001215.4	Primary Assembly	X			DS484596.1	Chromosome	NW_001845885.1	unlocalized-scaffold	1843	chrX_DS484596v1_random	446	211000022278481
GCA_000001215.4	Primary Assembly	X			DS484597.1	Chromosome	NW_001845886.1	unlocalized-scaffold	1843	chrX_DS484597v1_random	446	211000022278911
GCA_000001215.4	Primary Assembly	X			DS484598.1	Chromosome	NW_001845887.1	unlocalized-scaffold	1842	chrX_DS484598v1_random	446	211000022278774
GCA_000001215.4	Primary Assembly	X			DS484599.1	Chromosome	NW_001845888.1	unlocalized-scaffold	1841	chrX_DS484599v1_random	446	211000022279080
GCA_000001215.4	Primary Assembly	X			DS484600.1	Chromosome	NW_001845889.1	unlocalized-scaffold	1841	chrX_DS484600v1_random	446	211000022278502
GCA_000001215.4	Primary Assembly	X			DS484603.1	Chromosome	NW_001845892.1	unlocalized-scaffold	1830	chrX_DS484603v1_random	446	211000022279301
GCA_000001215.4	Primary Assembly	X			DS484604.1	Chromosome	NW_001845893.1	unlocalized-scaffold	1829	chrX_DS484604v1_random	446	211000022278614
GCA_000001215.4	Primary Assembly	X			DS484605.1	Chromosome	NW_001845894.1	unlocalized-scaffold	1829	chrX_DS484605v1_random	446	211000022278905
GCA_000001215.4	Primary Assembly	X			DS484608.1	Chromosome	NW_001845897.1	unlocalized-scaffold	1818	chrX_DS484608v1_random	446	211000022278475
GCA_000001215.4	Primary Assembly	X			DS484609.1	Chromosome	NW_001845898.1	unlocalized-scaffold	1818	chrX_DS484609v1_random	446	211000022278625
GCA_000001215.4	Primary Assembly	X			DS484610.1	Chromosome	NW_001845899.1	unlocalized-scaffold	1813	chrX_DS484610v1_random	446	211000022278465
GCA_000001215.4	Primary Assembly	X			DS484611.1	Chromosome	NW_001845900.1	unlocalized-scaffold	1813	chrX_DS484611v1_random	446	211000022278876
GCA_000001215.4	Primary Assembly	X			DS484615.1	Chromosome	NW_001845904.1	unlocalized-scaffold	1803	chrX_DS484615v1_random	446	211000022280060
GCA_000001215.4	Primary Assembly	X			DS484618.1	Chromosome	NW_001845907.1	unlocalized-scaffold	1800	chrX_DS484618v1_random	446	211000022279078
GCA_000001215.4	Primary Assembly	X			DS484620.1	Chromosome	NW_001845909.1	unlocalized-scaffold	1798	chrX_DS484620v1_random	446	211000022279846
GCA_000001215.4	Primary Assembly	X			DS484622.1	Chromosome	NW_001845911.1	unlocalized-scaffold	1793	chrX_DS484622v1_random	446	211000022278228
GCA_000001215.4	Primary Assembly	X			DS484623.1	Chromosome	NW_001845912.1	unlocalized-scaffold	1792	chrX_DS484623v1_random	446	211000022279093
GCA_000001215.4	Primary Assembly	X			DS484625.1	Chromosome	NW_001845914.1	unlocalized-scaffold	1787	chrX_DS484625v1_random	446	211000022278633
GCA_000001215.4	Primary Assembly	X			DS484626.1	Chromosome	NW_001845915.1	unlocalized-scaffold	1786	chrX_DS484626v1_random	446	211000022278634
GCA_000001215.4	Primary Assembly	X			DS484628.1	Chromosome	NW_001845917.1	unlocalized-scaffold	1785	chrX_DS484628v1_random	446	211000022278613
GCA_000001215.4	Primary Assembly	X			DS484633.1	Chromosome	NW_001845922.1	unlocalized-scaffold	1775	chrX_DS484633v1_random	446	211000022278819
GCA_000001215.4	Primary Assembly	X			DS484636.1	Chromosome	NW_001845925.1	unlocalized-scaffold	1769	chrX_DS484636v1_random	446	211000022279322
GCA_000001215.4	Primary Assembly	X			DS484644.1	Chromosome	NW_001845933.1	unlocalized-scaffold	1747	chrX_DS484644v1_random	446	211000022278842
GCA_000001215.4	Primary Assembly	X			DS484645.1	Chromosome	NW_001845934.1	unlocalized-scaffold	1747	chrX_DS484645v1_random	446	211000022279296
GCA_000001215.4	Primary Assembly	X			DS484647.1	Chromosome	NW_001845936.1	unlocalized-scaffold	1743	chrX_DS484647v1_random	446	211000022278473
GCA_000001215.4	Primary Assembly	X			DS484648.1	Chromosome	NW_001845937.1	unlocalized-scaffold	1741	chrX_DS484648v1_random	446	211000022278816
GCA_000001215.4	Primary Assembly	X			DS484650.1	Chromosome	NW_001845939.1	unlocalized-scaffold	1737	chrX_DS484650v1_random	446	211000022278314
GCA_000001215.4	Primary Assembly	X			DS484657.1	Chromosome	NW_001845946.1	unlocalized-scaffold	1724	chrX_DS484657v1_random	446	211000022278907
GCA_000001215.4	Primary Assembly	X			DS484660.1	Chromosome	NW_001845949.1	unlocalized-scaffold	1716	chrX_DS484660v1_random	446	211000022278677
GCA_000001215.4	Primary Assembly	X			DS484664.1	Chromosome	NW_001845953.1	unlocalized-scaffold	1713	chrX_DS484664v1_random	446	211000022278165
GCA_000001215.4	Primary Assembly	X			DS484666.1	Chromosome	NW_001845955.1	unlocalized-scaffold	1710	chrX_DS484666v1_random	446	211000022280243
GCA_000001215.4	Primary Assembly	X			DS484668.1	Chromosome	NW_001845957.1	unlocalized-scaffold	1709	chrX_DS484668v1_random	446	211000022278125
GCA_000001215.4	Primary Assembly	X			DS484669.1	Chromosome	NW_001845958.1	unlocalized-scaffold	1708	chrX_DS484669v1_random	446	211000022279297
GCA_000001215.4	Primary Assembly	X			DS484670.1	Chromosome	NW_001845959.1	unlocalized-scaffold	1704	chrX_DS484670v1_random	446	211000022278621
GCA_000001215.4	Primary Assembly	X			DS484672.1	Chromosome	NW_001845961.1	unlocalized-scaffold	1703	chrX_DS484672v1_random	446	211000022278491
GCA_000001215.4	Primary Assembly	X			DS484677.1	Chromosome	NW_001845966.1	unlocalized-scaffold	1687	chrX_DS484677v1_random	446	211000022279065
GCA_000001215.4	Primary Assembly	X			DS484679.1	Chromosome	NW_001845968.1	unlocalized-scaffold	1683	chrX_DS484679v1_random	446	211000022278471
GCA_000001215.4	Primary Assembly	X			DS484682.1	Chromosome	NW_001845971.1	unlocalized-scaffold	1680	chrX_DS484682v1_random	446	211000022279077
GCA_000001215.4	Primary Assembly	X			DS484683.1	Chromosome	NW_001845972.1	unlocalized-scaffold	1679	chrX_DS484683v1_random	446	211000022278938
GCA_000001215.4	Primary Assembly	X			DS484684.1	Chromosome	NW_001845973.1	unlocalized-scaffold	1678	chrX_DS484684v1_random	446	211000022278469
GCA_000001215.4	Primary Assembly	X			DS484688.1	Chromosome	NW_001845977.1	unlocalized-scaffold	1657	chrX_DS484688v1_random	446	211000022278484
GCA_000001215.4	Primary Assembly	X			DS484690.1	Chromosome	NW_001845979.1	unlocalized-scaffold	1645	chrX_DS484690v1_random	446	211000022278726
GCA_000001215.4	Primary Assembly	X			DS484691.1	Chromosome	NW_001845980.1	unlocalized-scaffold	1643	chrX_DS484691v1_random	446	211000022278472
GCA_000001215.4	Primary Assembly	X			DS484694.1	Chromosome	NW_001845983.1	unlocalized-scaffold	1637	chrX_DS484694v1_random	446	211000022279064
GCA_000001215.4	Primary Assembly	X			DS484695.1	Chromosome	NW_001845984.1	unlocalized-scaffold	1637	chrX_DS484695v1_random	446	211000022278620
GCA_000001215.4	Primary Assembly	X			DS484697.1	Chromosome	NW_001845986.1	unlocalized-scaffold	1636	chrX_DS484697v1_random	446	211000022280061
GCA_000001215.4	Primary Assembly	X			DS484698.1	Chromosome	NW_001845987.1	unlocalized-scaffold	1630	chrX_DS484698v1_random	446	211000022278839
GCA_000001215.4	Primary Assembly	X			DS484701.1	Chromosome	NW_001845990.1	unlocalized-scaffold	1625	chrX_DS484701v1_random	446	211000022278099
GCA_000001215.4	Primary Assembly	X			DS484702.1	Chromosome	NW_001845991.1	unlocalized-scaffold	1623	chrX_DS484702v1_random	446	211000022279316
GCA_000001215.4	Primary Assembly	X			DS484703.1	Chromosome	NW_001845992.1	unlocalized-scaffold	1622	chrX_DS484703v1_random	446	211000022278670
GCA_000001215.4	Primary Assembly	X			DS484715.1	Chromosome	NW_001846004.1	unlocalized-scaffold	1595	chrX_DS484715v1_random	446	211000022279542
GCA_000001215.4	Primary Assembly	X			DS484719.1	Chromosome	NW_001846008.1	unlocalized-scaffold	1586	chrX_DS484719v1_random	446	211000022279957
GCA_000001215.4	Primary Assembly	X			DS484723.1	Chromosome	NW_001846012.1	unlocalized-scaffold	1577	chrX_DS484723v1_random	446	211000022278584
GCA_000001215.4	Primary Assembly	X			DS484724.1	Chromosome	NW_001846013.1	unlocalized-scaffold	1575	chrX_DS484724v1_random	446	211000022278323
GCA_000001215.4	Primary Assembly	X			DS484725.1	Chromosome	NW_001846014.1	unlocalized-scaffold	1573	chrX_DS484725v1_random	446	211000022279076
GCA_000001215.4	Primary Assembly	X			DS484730.1	Chromosome	NW_001846019.1	unlocalized-scaffold	1560	chrX_DS484730v1_random	446	211000022278315
GCA_000001215.4	Primary Assembly	X			DS484731.1	Chromosome	NW_001846020.1	unlocalized-scaffold	1558	chrX_DS484731v1_random	446	211000022278857
GCA_000001215.4	Primary Assembly	X			DS484732.1	Chromosome	NW_001846021.1	unlocalized-scaffold	1556	chrX_DS484732v1_random	446	211000022280029
GCA_000001215.4	Primary Assembly	X			DS484733.1	Chromosome	NW_001846022.1	unlocalized-scaffold	1556	chrX_DS484733v1_random	446	211000022279244
GCA_000001215.4	Primary Assembly	X			DS484737.1	Chromosome	NW_001846026.1	unlocalized-scaffold	1550	chrX_DS484737v1_random	446	211000022278655
GCA_000001215.4	Primary Assembly	X			DS484740.1	Chromosome	NW_001846029.1	unlocalized-scaffold	1546	chrX_DS484740v1_random	446	211000022278671
GCA_000001215.4	Primary Assembly	X			DS484741.1	Chromosome	NW_001846030.1	unlocalized-scaffold	1544	chrX_DS484741v1_random	446	211000022278850
GCA_000001215.4	Primary Assembly	X			DS484745.1	Chromosome	NW_001846034.1	unlocalized-scaffold	1541	chrX_DS484745v1_random	446	211000022278232
GCA_000001215.4	Primary Assembly	X			DS484749.1	Chromosome	NW_001846038.1	unlocalized-scaffold	1534	chrX_DS484749v1_random	446	211000022279686
GCA_000001215.4	Primary Assembly	X			DS484753.1	Chromosome	NW_001846042.1	unlocalized-scaffold	1529	chrX_DS484753v1_random	446	211000022279295
GCA_000001215.4	Primary Assembly	X			DS484758.1	Chromosome	NW_001846047.1	unlocalized-scaffold	1525	chrX_DS484758v1_random	446	211000022278692
GCA_000001215.4	Primary Assembly	X			DS484763.1	Chromosome	NW_001846052.1	unlocalized-scaffold	1519	chrX_DS484763v1_random	446	211000022278693
GCA_000001215.4	Primary Assembly	X			DS484765.1	Chromosome	NW_001846054.1	unlocalized-scaffold	1516	chrX_DS484765v1_random	446	211000022278227
GCA_000001215.4	Primary Assembly	X			DS484767.1	Chromosome	NW_001846056.1	unlocalized-scaffold	1510	chrX_DS484767v1_random	446	211000022279515
GCA_000001215.4	Primary Assembly	X			DS484768.1	Chromosome	NW_001846057.1	unlocalized-scaffold	1509	chrX_DS484768v1_random	446	211000022278861
GCA_000001215.4	Primary Assembly	X			DS484775.1	Chromosome	NW_001846064.1	unlocalized-scaffold	1492	chrX_DS484775v1_random	446	211000022279074
GCA_000001215.4	Primary Assembly	X			DS484777.1	Chromosome	NW_001846066.1	unlocalized-scaffold	1489	chrX_DS484777v1_random	446	211000022279066
GCA_000001215.4	Primary Assembly	X			DS484778.1	Chromosome	NW_001846067.1	unlocalized-scaffold	1488	chrX_DS484778v1_random	446	211000022278829
GCA_000001215.4	Primary Assembly	X			DS484783.1	Chromosome	NW_001846072.1	unlocalized-scaffold	1482	chrX_DS484783v1_random	446	211000022278827
GCA_000001215.4	Primary Assembly	X			DS484785.1	Chromosome	NW_001846074.1	unlocalized-scaffold	1478	chrX_DS484785v1_random	446	211000022278512
GCA_000001215.4	Primary Assembly	X			DS484786.1	Chromosome	NW_001846075.1	unlocalized-scaffold	1476	chrX_DS484786v1_random	446	211000022278851
GCA_000001215.4	Primary Assembly	X			DS484803.1	Chromosome	NW_001846092.1	unlocalized-scaffold	1461	chrX_DS484803v1_random	446	211000022278414
GCA_000001215.4	Primary Assembly	X			DS484809.1	Chromosome	NW_001846098.1	unlocalized-scaffold	1453	chrX_DS484809v1_random	446	211000022278252
GCA_000001215.4	Primary Assembly	X			DS484810.1	Chromosome	NW_001846099.1	unlocalized-scaffold	1452	chrX_DS484810v1_random	446	211000022278690
GCA_000001215.4	Primary Assembly	X			DS484811.1	Chromosome	NW_001846100.1	unlocalized-scaffold	1452	chrX_DS484811v1_random	446	211000022278618
GCA_000001215.4	Primary Assembly	X			DS484819.1	Chromosome	NW_001846108.1	unlocalized-scaffold	1441	chrX_DS484819v1_random	446	211000022278340
GCA_000001215.4	Primary Assembly	X			DS484826.1	Chromosome	NW_001846115.1	unlocalized-scaffold	1432	chrX_DS484826v1_random	446	211000022279437
GCA_000001215.4	Primary Assembly	X			DS484832.1	Chromosome	NW_001846121.1	unlocalized-scaffold	1425	chrX_DS484832v1_random	446	211000022279112
GCA_000001215.4	Primary Assembly	X			DS484833.1	Chromosome	NW_001846122.1	unlocalized-scaffold	1424	chrX_DS484833v1_random	446	211000022278322
GCA_000001215.4	Primary Assembly	X			DS484837.1	Chromosome	NW_001846126.1	unlocalized-scaffold	1423	chrX_DS484837v1_random	446	211000022278838
GCA_000001215.4	Primary Assembly	X			DS484839.1	Chromosome	NW_001846128.1	unlocalized-scaffold	1421	chrX_DS484839v1_random	446	211000022279068
GCA_000001215.4	Primary Assembly	X			DS484840.1	Chromosome	NW_001846129.1	unlocalized-scaffold	1419	chrX_DS484840v1_random	446	211000022278837
GCA_000001215.4	Primary Assembly	X			DS484845.1	Chromosome	NW_001846134.1	unlocalized-scaffold	1412	chrX_DS484845v1_random	446	211000022278342
GCA_000001215.4	Primary Assembly	X			DS484850.1	Chromosome	NW_001846139.1	unlocalized-scaffold	1408	chrX_DS484850v1_random	446	211000022278646
GCA_000001215.4	Primary Assembly	X			DS484857.1	Chromosome	NW_001846146.1	unlocalized-scaffold	1402	chrX_DS484857v1_random	446	211000022279888
GCA_000001215.4	Primary Assembly	X			DS484871.1	Chromosome	NW_001846160.1	unlocalized-scaffold	1386	chrX_DS484871v1_random	446	211000022278822
GCA_000001215.4	Primary Assembly	X			DS484879.1	Chromosome	NW_001846168.1	unlocalized-scaffold	1381	chrX_DS484879v1_random	446	211000022278644
GCA_000001215.4	Primary Assembly	X			DS484880.1	Chromosome	NW_001846169.1	unlocalized-scaffold	1380	chrX_DS484880v1_random	446	211000022278836
GCA_000001215.4	Primary Assembly	X			DS484890.1	Chromosome	NW_001846179.1	unlocalized-scaffold	1376	chrX_DS484890v1_random	446	211000022278855
GCA_000001215.4	Primary Assembly	X			DS484907.1	Chromosome	NW_001846196.1	unlocalized-scaffold	1361	chrX_DS484907v1_random	446	211000022280022
GCA_000001215.4	Primary Assembly	X			DS484911.1	Chromosome	NW_001846200.1	unlocalized-scaffold	1355	chrX_DS484911v1_random	446	211000022278609
GCA_000001215.4	Primary Assembly	X			DS484913.1	Chromosome	NW_001846202.1	unlocalized-scaffold	1355	chrX_DS484913v1_random	446	211000022278476
GCA_000001215.4	Primary Assembly	X			DS484928.1	Chromosome	NW_001846217.1	unlocalized-scaffold	1340	chrX_DS484928v1_random	446	211000022279073
GCA_000001215.4	Primary Assembly	X			DS484935.1	Chromosome	NW_001846224.1	unlocalized-scaffold	1336	chrX_DS484935v1_random	446	211000022278832
GCA_000001215.4	Primary Assembly	X			DS484951.1	Chromosome	NW_001846240.1	unlocalized-scaffold	1327	chrX_DS484951v1_random	446	211000022278470
GCA_000001215.4	Primary Assembly	X			DS484952.1	Chromosome	NW_001846241.1	unlocalized-scaffold	1326	chrX_DS484952v1_random	446	211000022279079
GCA_000001215.4	Primary Assembly	X			DS484953.1	Chromosome	NW_001846242.1	unlocalized-scaffold	1326	chrX_DS484953v1_random	446	211000022280034
GCA_000001215.4	Primary Assembly	X			DS484955.1	Chromosome	NW_001846244.1	unlocalized-scaffold	1323	chrX_DS484955v1_random	446	211000022278830
GCA_000001215.4	Primary Assembly	X			DS484961.1	Chromosome	NW_001846250.1	unlocalized-scaffold	1315	chrX_DS484961v1_random	446	211000022278492
GCA_000001215.4	Primary Assembly	X			DS484963.1	Chromosome	NW_001846252.1	unlocalized-scaffold	1315	chrX_DS484963v1_random	446	211000022279674
GCA_000001215.4	Primary Assembly	X			DS484965.1	Chromosome	NW_001846254.1	unlocalized-scaffold	1312	chrX_DS484965v1_random	446	211000022278268
GCA_000001215.4	Primary Assembly	X			DS484968.1	Chromosome	NW_001846257.1	unlocalized-scaffold	1311	chrX_DS484968v1_random	446	211000022278122
GCA_000001215.4	Primary Assembly	X			DS484970.1	Chromosome	NW_001846259.1	unlocalized-scaffold	1310	chrX_DS484970v1_random	446	211000022279944
GCA_000001215.4	Primary Assembly	X			DS484974.1	Chromosome	NW_001846263.1	unlocalized-scaffold	1309	chrX_DS484974v1_random	446	211000022279388
GCA_000001215.4	Primary Assembly	X			DS484978.1	Chromosome	NW_001846267.1	unlocalized-scaffold	1306	chrX_DS484978v1_random	446	211000022279767
GCA_000001215.4	Primary Assembly	X			DS484990.1	Chromosome	NW_001846279.1	unlocalized-scaffold	1301	chrX_DS484990v1_random	446	211000022279984
GCA_000001215.4	Primary Assembly	X			DS484995.1	Chromosome	NW_001846284.1	unlocalized-scaffold	1296	chrX_DS484995v1_random	446	211000022278607
GCA_000001215.4	Primary Assembly	X			DS484996.1	Chromosome	NW_001846285.1	unlocalized-scaffold	1295	chrX_DS484996v1_random	446	211000022278487
GCA_000001215.4	Primary Assembly	X			DS484997.1	Chromosome	NW_001846286.1	unlocalized-scaffold	1294	chrX_DS484997v1_random	446	211000022280007
GCA_000001215.4	Primary Assembly	X			DS485012.1	Chromosome	NW_001846301.1	unlocalized-scaffold	1284	chrX_DS485012v1_random	446	211000022279328
GCA_000001215.4	Primary Assembly	X			DS485015.1	Chromosome	NW_001846304.1	unlocalized-scaffold	1283	chrX_DS485015v1_random	446	211000022278324
GCA_000001215.4	Primary Assembly	X			DS485017.1	Chromosome	NW_001846306.1	unlocalized-scaffold	1281	chrX_DS485017v1_random	446	211000022279998
GCA_000001215.4	Primary Assembly	X			DS485043.1	Chromosome	NW_001846332.1	unlocalized-scaffold	1271	chrX_DS485043v1_random	446	211000022278856
GCA_000001215.4	Primary Assembly	X			DS485044.1	Chromosome	NW_001846333.1	unlocalized-scaffold	1271	chrX_DS485044v1_random	446	211000022279978
GCA_000001215.4	Primary Assembly	X			DS485049.1	Chromosome	NW_001846338.1	unlocalized-scaffold	1269	chrX_DS485049v1_random	446	211000022279764
GCA_000001215.4	Primary Assembly	X			DS485050.1	Chromosome	NW_001846339.1	unlocalized-scaffold	1268	chrX_DS485050v1_random	446	211000022279045
GCA_000001215.4	Primary Assembly	X			DS485054.1	Chromosome	NW_001846343.1	unlocalized-scaffold	1265	chrX_DS485054v1_random	446	211000022279721
GCA_000001215.4	Primary Assembly	X			DS485072.1	Chromosome	NW_001846361.1	unlocalized-scaffold	1260	chrX_DS485072v1_random	446	211000022279528
GCA_000001215.4	Primary Assembly	X			DS485074.1	Chromosome	NW_001846363.1	unlocalized-scaffold	1258	chrX_DS485074v1_random	446	211000022278382
GCA_000001215.4	Primary Assembly	X			DS485077.1	Chromosome	NW_001846366.1	unlocalized-scaffold	1258	chrX_DS485077v1_random	446	211000022278187
GCA_000001215.4	Primary Assembly	X			DS485078.1	Chromosome	NW_001846367.1	unlocalized-scaffold	1257	chrX_DS485078v1_random	446	211000022279610
GCA_000001215.4	Primary Assembly	X			DS485080.1	Chromosome	NW_001846369.1	unlocalized-scaffold	1253	chrX_DS485080v1_random	446	211000022279071
GCA_000001215.4	Primary Assembly	X			DS485081.1	Chromosome	NW_001846370.1	unlocalized-scaffold	1252	chrX_DS485081v1_random	446	211000022278691
GCA_000001215.4	Primary Assembly	X			DS485084.1	Chromosome	NW_001846373.1	unlocalized-scaffold	1251	chrX_DS485084v1_random	446	211000022278843
GCA_000001215.4	Primary Assembly	X			DS485096.1	Chromosome	NW_001846385.1	unlocalized-scaffold	1244	chrX_DS485096v1_random	446	211000022278478
GCA_000001215.4	Primary Assembly	X			DS485101.1	Chromosome	NW_001846390.1	unlocalized-scaffold	1241	chrX_DS485101v1_random	446	211000022278631
GCA_000001215.4	Primary Assembly	X			DS485104.1	Chromosome	NW_001846393.1	unlocalized-scaffold	1240	chrX_DS485104v1_random	446	211000022278505
GCA_000001215.4	Primary Assembly	X			DS485109.1	Chromosome	NW_001846398.1	unlocalized-scaffold	1238	chrX_DS485109v1_random	446	211000022278814
GCA_000001215.4	Primary Assembly	X			DS485110.1	Chromosome	NW_001846399.1	unlocalized-scaffold	1238	chrX_DS485110v1_random	446	211000022278640
GCA_000001215.4	Primary Assembly	X			DS485111.1	Chromosome	NW_001846400.1	unlocalized-scaffold	1238	chrX_DS485111v1_random	446	211000022278882
GCA_000001215.4	Primary Assembly	X			DS485112.1	Chromosome	NW_001846401.1	unlocalized-scaffold	1238	chrX_DS485112v1_random	446	211000022278971
GCA_000001215.4	Primary Assembly	X			DS485119.1	Chromosome	NW_001846408.1	unlocalized-scaffold	1235	chrX_DS485119v1_random	446	211000022279570
GCA_000001215.4	Primary Assembly	X			DS485126.1	Chromosome	NW_001846415.1	unlocalized-scaffold	1233	chrX_DS485126v1_random	446	211000022278654
GCA_000001215.4	Primary Assembly	X			DS485141.1	Chromosome	NW_001846430.1	unlocalized-scaffold	1228	chrX_DS485141v1_random	446	211000022278632
GCA_000001215.4	Primary Assembly	X			DS485164.1	Chromosome	NW_001846453.1	unlocalized-scaffold	1223	chrX_DS485164v1_random	446	211000022278624
GCA_000001215.4	Primary Assembly	X			DS485167.1	Chromosome	NW_001846456.1	unlocalized-scaffold	1221	chrX_DS485167v1_random	446	211000022278637
GCA_000001215.4	Primary Assembly	X			DS485172.1	Chromosome	NW_001846461.1	unlocalized-scaffold	1220	chrX_DS485172v1_random	446	211000022278297
GCA_000001215.4	Primary Assembly	X			DS485186.1	Chromosome	NW_001846475.1	unlocalized-scaffold	1212	chrX_DS485186v1_random	446	211000022279860
GCA_000001215.4	Primary Assembly	X			DS485189.1	Chromosome	NW_001846478.1	unlocalized-scaffold	1211	chrX_DS485189v1_random	446	211000022279300
GCA_000001215.4	Primary Assembly	X			DS485195.1	Chromosome	NW_001846484.1	unlocalized-scaffold	1209	chrX_DS485195v1_random	446	211000022279302
GCA_000001215.4	Primary Assembly	X			DS485201.1	Chromosome	NW_001846490.1	unlocalized-scaffold	1208	chrX_DS485201v1_random	446	211000022279862
GCA_000001215.4	Primary Assembly	X			DS485225.1	Chromosome	NW_001846514.1	unlocalized-scaffold	1200	chrX_DS485225v1_random	446	211000022279531
GCA_000001215.4	Primary Assembly	X			DS485235.1	Chromosome	NW_001846524.1	unlocalized-scaffold	1195	chrX_DS485235v1_random	446	211000022278231
GCA_000001215.4	Primary Assembly	X			DS485238.1	Chromosome	NW_001846527.1	unlocalized-scaffold	1195	chrX_DS485238v1_random	446	211000022278466
GCA_000001215.4	Primary Assembly	X			DS485257.1	Chromosome	NW_001846546.1	unlocalized-scaffold	1189	chrX_DS485257v1_random	446	211000022278479
GCA_000001215.4	Primary Assembly	X			DS485262.1	Chromosome	NW_001846551.1	unlocalized-scaffold	1189	chrX_DS485262v1_random	446	211000022278925
GCA_000001215.4	Primary Assembly	X			DS485266.1	Chromosome	NW_001846555.1	unlocalized-scaffold	1186	chrX_DS485266v1_random	446	211000022278355
GCA_000001215.4	Primary Assembly	X			DS485268.1	Chromosome	NW_001846557.1	unlocalized-scaffold	1186	chrX_DS485268v1_random	446	211000022279536
GCA_000001215.4	Primary Assembly	X			DS485271.1	Chromosome	NW_001846560.1	unlocalized-scaffold	1185	chrX_DS485271v1_random	446	211000022279290
GCA_000001215.4	Primary Assembly	X			DS485277.1	Chromosome	NW_001846566.1	unlocalized-scaffold	1184	chrX_DS485277v1_random	446	211000022278910
GCA_000001215.4	Primary Assembly	X			DS485278.1	Chromosome	NW_001846567.1	unlocalized-scaffold	1184	chrX_DS485278v1_random	446	211000022279339
GCA_000001215.4	Primary Assembly	X			DS485281.1	Chromosome	NW_001846570.1	unlocalized-scaffold	1184	chrX_DS485281v1_random	446	211000022279830
GCA_000001215.4	Primary Assembly	X			DS485287.1	Chromosome	NW_001846576.1	unlocalized-scaffold	1181	chrX_DS485287v1_random	446	211000022280077
GCA_000001215.4	Primary Assembly	X			DS485299.1	Chromosome	NW_001846588.1	unlocalized-scaffold	1178	chrX_DS485299v1_random	446	211000022279505
GCA_000001215.4	Primary Assembly	X			DS485300.1	Chromosome	NW_001846589.1	unlocalized-scaffold	1178	chrX_DS485300v1_random	446	211000022279012
GCA_000001215.4	Primary Assembly	X			DS485303.1	Chromosome	NW_001846592.1	unlocalized-scaffold	1175	chrX_DS485303v1_random	446	211000022279501
GCA_000001215.4	Primary Assembly	X			DS485305.1	Chromosome	NW_001846594.1	unlocalized-scaffold	1174	chrX_DS485305v1_random	446	211000022278610
GCA_000001215.4	Primary Assembly	X			DS485310.1	Chromosome	NW_001846599.1	unlocalized-scaffold	1173	chrX_DS485310v1_random	446	211000022279803
GCA_000001215.4	Primary Assembly	X			DS485334.1	Chromosome	NW_001846623.1	unlocalized-scaffold	1164	chrX_DS485334v1_random	446	211000022278950
GCA_000001215.4	Primary Assembly	X			DS485336.1	Chromosome	NW_001846625.1	unlocalized-scaffold	1163	chrX_DS485336v1_random	446	211000022279006
GCA_000001215.4	Primary Assembly	X			DS485345.1	Chromosome	NW_001846634.1	unlocalized-scaffold	1161	chrX_DS485345v1_random	446	211000022279833
GCA_000001215.4	Primary Assembly	X			DS485351.1	Chromosome	NW_001846640.1	unlocalized-scaffold	1161	chrX_DS485351v1_random	446	211000022279304
GCA_000001215.4	Primary Assembly	X			DS485358.1	Chromosome	NW_001846647.1	unlocalized-scaffold	1159	chrX_DS485358v1_random	446	211000022278477
GCA_000001215.4	Primary Assembly	X			DS485360.1	Chromosome	NW_001846649.1	unlocalized-scaffold	1159	chrX_DS485360v1_random	446	211000022279857
GCA_000001215.4	Primary Assembly	X			DS485364.1	Chromosome	NW_001846653.1	unlocalized-scaffold	1158	chrX_DS485364v1_random	446	211000022279773
GCA_000001215.4	Primary Assembly	X			DS485378.1	Chromosome	NW_001846667.1	unlocalized-scaffold	1155	chrX_DS485378v1_random	446	211000022278892
GCA_000001215.4	Primary Assembly	X			DS485384.1	Chromosome	NW_001846673.1	unlocalized-scaffold	1153	chrX_DS485384v1_random	446	211000022279881
GCA_000001215.4	Primary Assembly	X			DS485418.1	Chromosome	NW_001846707.1	unlocalized-scaffold	1145	chrX_DS485418v1_random	446	211000022279690
GCA_000001215.4	Primary Assembly	X			DS485454.1	Chromosome	NW_001846743.1	unlocalized-scaffold	1135	chrX_DS485454v1_random	446	211000022279543
GCA_000001215.4	Primary Assembly	X			DS485459.1	Chromosome	NW_001846748.1	unlocalized-scaffold	1134	chrX_DS485459v1_random	446	211000022280017
GCA_000001215.4	Primary Assembly	X			DS485465.1	Chromosome	NW_001846754.1	unlocalized-scaffold	1133	chrX_DS485465v1_random	446	211000022278516
GCA_000001215.4	Primary Assembly	X			DS485471.1	Chromosome	NW_001846760.1	unlocalized-scaffold	1131	chrX_DS485471v1_random	446	211000022278906
GCA_000001215.4	Primary Assembly	X			DS485476.1	Chromosome	NW_001846765.1	unlocalized-scaffold	1130	chrX_DS485476v1_random	446	211000022278485
GCA_000001215.4	Primary Assembly	X			DS485478.1	Chromosome	NW_001846767.1	unlocalized-scaffold	1129	chrX_DS485478v1_random	446	211000022278933
GCA_000001215.4	Primary Assembly	X			DS485514.1	Chromosome	NW_001846803.1	unlocalized-scaffold	1121	chrX_DS485514v1_random	446	211000022278360
GCA_000001215.4	Primary Assembly	X			DS485537.1	Chromosome	NW_001846826.1	unlocalized-scaffold	1115	chrX_DS485537v1_random	446	211000022279108
GCA_000001215.4	Primary Assembly	X			DS485549.1	Chromosome	NW_001846838.1	unlocalized-scaffold	1112	chrX_DS485549v1_random	446	211000022280023
GCA_000001215.4	Primary Assembly	X			DS485550.1	Chromosome	NW_001846839.1	unlocalized-scaffold	1112	chrX_DS485550v1_random	446	211000022280173
GCA_000001215.4	Primary Assembly	X			DS485562.1	Chromosome	NW_001846851.1	unlocalized-scaffold	1109	chrX_DS485562v1_random	446	211000022279859
GCA_000001215.4	Primary Assembly	X			DS485573.1	Chromosome	NW_001846862.1	unlocalized-scaffold	1107	chrX_DS485573v1_random	446	211000022278725
GCA_000001215.4	Primary Assembly	X			DS485592.1	Chromosome	NW_001846881.1	unlocalized-scaffold	1102	chrX_DS485592v1_random	446	211000022279604
GCA_000001215.4	Primary Assembly	X			DS485597.1	Chromosome	NW_001846886.1	unlocalized-scaffold	1100	chrX_DS485597v1_random	446	211000022279832
GCA_000001215.4	Primary Assembly	X			DS485599.1	Chromosome	NW_001846888.1	unlocalized-scaffold	1100	chrX_DS485599v1_random	446	211000022278880
GCA_000001215.4	Primary Assembly	X			DS485603.1	Chromosome	NW_001846892.1	unlocalized-scaffold	1098	chrX_DS485603v1_random	446	211000022279227
GCA_000001215.4	Primary Assembly	X			DS485606.1	Chromosome	NW_001846895.1	unlocalized-scaffold	1097	chrX_DS485606v1_random	446	211000022278326
GCA_000001215.4	Primary Assembly	X			DS485617.1	Chromosome	NW_001846906.1	unlocalized-scaffold	1093	chrX_DS485617v1_random	446	211000022279067
GCA_000001215.4	Primary Assembly	X			DS485618.1	Chromosome	NW_001846907.1	unlocalized-scaffold	1092	chrX_DS485618v1_random	446	211000022278236
GCA_000001215.4	Primary Assembly	X			DS485620.1	Chromosome	NW_001846909.1	unlocalized-scaffold	1091	chrX_DS485620v1_random	446	211000022278833
GCA_000001215.4	Primary Assembly	X			DS485635.1	Chromosome	NW_001846924.1	unlocalized-scaffold	1088	chrX_DS485635v1_random	446	211000022278909
GCA_000001215.4	Primary Assembly	X			DS485647.1	Chromosome	NW_001846936.1	unlocalized-scaffold	1086	chrX_DS485647v1_random	446	211000022279605
GCA_000001215.4	Primary Assembly	X			DS485649.1	Chromosome	NW_001846938.1	unlocalized-scaffold	1084	chrX_DS485649v1_random	446	211000022278486
GCA_000001215.4	Primary Assembly	X			DS485651.1	Chromosome	NW_001846940.1	unlocalized-scaffold	1084	chrX_DS485651v1_random	446	211000022280019
GCA_000001215.4	Primary Assembly	X			DS485660.1	Chromosome	NW_001846949.1	unlocalized-scaffold	1082	chrX_DS485660v1_random	446	211000022278623
GCA_000001215.4	Primary Assembly	X			DS485672.1	Chromosome	NW_001846961.1	unlocalized-scaffold	1078	chrX_DS485672v1_random	446	211000022279467
GCA_000001215.4	Primary Assembly	X			DS485676.1	Chromosome	NW_001846965.1	unlocalized-scaffold	1078	chrX_DS485676v1_random	446	211000022278524
GCA_000001215.4	Primary Assembly	X			DS485687.1	Chromosome	NW_001846976.1	unlocalized-scaffold	1075	chrX_DS485687v1_random	446	211000022278813
GCA_000001215.4	Primary Assembly	X			DS485691.1	Chromosome	NW_001846980.1	unlocalized-scaffold	1074	chrX_DS485691v1_random	446	211000022278704
GCA_000001215.4	Primary Assembly	X			DS485707.1	Chromosome	NW_001846996.1	unlocalized-scaffold	1071	chrX_DS485707v1_random	446	211000022279882
GCA_000001215.4	Primary Assembly	X			DS485723.1	Chromosome	NW_001847012.1	unlocalized-scaffold	1067	chrX_DS485723v1_random	446	211000022278635
GCA_000001215.4	Primary Assembly	X			DS485735.1	Chromosome	NW_001847024.1	unlocalized-scaffold	1063	chrX_DS485735v1_random	446	211000022278534
GCA_000001215.4	Primary Assembly	X			DS485738.1	Chromosome	NW_001847027.1	unlocalized-scaffold	1063	chrX_DS485738v1_random	446	211000022279306
GCA_000001215.4	Primary Assembly	X			DS485745.1	Chromosome	NW_001847034.1	unlocalized-scaffold	1062	chrX_DS485745v1_random	446	211000022278852
GCA_000001215.4	Primary Assembly	X			DS485756.1	Chromosome	NW_001847045.1	unlocalized-scaffold	1058	chrX_DS485756v1_random	446	211000022280125
GCA_000001215.4	Primary Assembly	X			DS485762.1	Chromosome	NW_001847051.1	unlocalized-scaffold	1057	chrX_DS485762v1_random	446	211000022279327
GCA_000001215.4	Primary Assembly	X			DS485765.1	Chromosome	NW_001847054.1	unlocalized-scaffold	1056	chrX_DS485765v1_random	446	211000022278417
GCA_000001215.4	Primary Assembly	X			DS485769.1	Chromosome	NW_001847058.1	unlocalized-scaffold	1055	chrX_DS485769v1_random	446	211000022278459
GCA_000001215.4	Primary Assembly	X			DS485771.1	Chromosome	NW_001847060.1	unlocalized-scaffold	1055	chrX_DS485771v1_random	446	211000022278841
GCA_000001215.4	Primary Assembly	X			DS485778.1	Chromosome	NW_001847067.1	unlocalized-scaffold	1053	chrX_DS485778v1_random	446	211000022279861
GCA_000001215.4	Primary Assembly	X			DS485782.1	Chromosome	NW_001847071.1	unlocalized-scaffold	1052	chrX_DS485782v1_random	446	211000022278835
GCA_000001215.4	Primary Assembly	X			DS485785.1	Chromosome	NW_001847074.1	unlocalized-scaffold	1051	chrX_DS485785v1_random	446	211000022278647
GCA_000001215.4	Primary Assembly	X			DS485790.1	Chromosome	NW_001847079.1	unlocalized-scaffold	1051	chrX_DS485790v1_random	446	211000022279291
GCA_000001215.4	Primary Assembly	X			DS485797.1	Chromosome	NW_001847086.1	unlocalized-scaffold	1049	chrX_DS485797v1_random	446	211000022278237
GCA_000001215.4	Primary Assembly	X			DS485798.1	Chromosome	NW_001847087.1	unlocalized-scaffold	1049	chrX_DS485798v1_random	446	211000022279086
GCA_000001215.4	Primary Assembly	X			DS485801.1	Chromosome	NW_001847090.1	unlocalized-scaffold	1048	chrX_DS485801v1_random	446	211000022278705
GCA_000001215.4	Primary Assembly	X			DS485813.1	Chromosome	NW_001847102.1	unlocalized-scaffold	1047	chrX_DS485813v1_random	446	211000022278504
GCA_000001215.4	Primary Assembly	X			DS485816.1	Chromosome	NW_001847105.1	unlocalized-scaffold	1046	chrX_DS485816v1_random	446	211000022279438
GCA_000001215.4	Primary Assembly	X			DS485836.1	Chromosome	NW_001847125.1	unlocalized-scaffold	1042	chrX_DS485836v1_random	446	211000022279083
GCA_000001215.4	Primary Assembly	X			DS485845.1	Chromosome	NW_001847134.1	unlocalized-scaffold	1040	chrX_DS485845v1_random	446	211000022278715
GCA_000001215.4	Primary Assembly	X			DS485852.1	Chromosome	NW_001847141.1	unlocalized-scaffold	1038	chrX_DS485852v1_random	446	211000022278824
GCA_000001215.4	Primary Assembly	X			DS485855.1	Chromosome	NW_001847144.1	unlocalized-scaffold	1037	chrX_DS485855v1_random	446	211000022278617
GCA_000001215.4	Primary Assembly	X			DS485856.1	Chromosome	NW_001847145.1	unlocalized-scaffold	1037	chrX_DS485856v1_random	446	211000022278818
GCA_000001215.4	Primary Assembly	X			DS485857.1	Chromosome	NW_001847146.1	unlocalized-scaffold	1037	chrX_DS485857v1_random	446	211000022279518
GCA_000001215.4	Primary Assembly	X			DS485860.1	Chromosome	NW_001847149.1	unlocalized-scaffold	1036	chrX_DS485860v1_random	446	211000022278596
GCA_000001215.4	Primary Assembly	X			DS485879.1	Chromosome	NW_001847168.1	unlocalized-scaffold	1031	chrX_DS485879v1_random	446	211000022279315
GCA_000001215.4	Primary Assembly	X			DS485898.1	Chromosome	NW_001847187.1	unlocalized-scaffold	1028	chrX_DS485898v1_random	446	211000022278834
GCA_000001215.4	Primary Assembly	X			DS485899.1	Chromosome	NW_001847188.1	unlocalized-scaffold	1027	chrX_DS485899v1_random	446	211000022279111
GCA_000001215.4	Primary Assembly	X			DS485909.1	Chromosome	NW_001847198.1	unlocalized-scaffold	1023	chrX_DS485909v1_random	446	211000022278669
GCA_000001215.4	Primary Assembly	X			DS485913.1	Chromosome	NW_001847202.1	unlocalized-scaffold	1022	chrX_DS485913v1_random	446	211000022278474
GCA_000001215.4	Primary Assembly	X			DS485934.1	Chromosome	NW_001847223.1	unlocalized-scaffold	1019	chrX_DS485934v1_random	446	211000022278638
GCA_000001215.4	Primary Assembly	X			DS485941.1	Chromosome	NW_001847230.1	unlocalized-scaffold	1018	chrX_DS485941v1_random	446	211000022278626
GCA_000001215.4	Primary Assembly	X			DS485942.1	Chromosome	NW_001847231.1	unlocalized-scaffold	1018	chrX_DS485942v1_random	446	211000022278350
GCA_000001215.4	Primary Assembly	X			DS485950.1	Chromosome	NW_001847239.1	unlocalized-scaffold	1015	chrX_DS485950v1_random	446	211000022279113
GCA_000001215.4	Primary Assembly	X			DS485959.1	Chromosome	NW_001847248.1	unlocalized-scaffold	1013	chrX_DS485959v1_random	446	211000022279010
GCA_000001215.4	Primary Assembly	X			DS485962.1	Chromosome	NW_001847251.1	unlocalized-scaffold	1012	chrX_DS485962v1_random	446	211000022278458
GCA_000001215.4	Primary Assembly	X			DS485967.1	Chromosome	NW_001847256.1	unlocalized-scaffold	1011	chrX_DS485967v1_random	446	211000022278483
GCA_000001215.4	Primary Assembly	X			DS485978.1	Chromosome	NW_001847267.1	unlocalized-scaffold	1008	chrX_DS485978v1_random	446	211000022279720
GCA_000001215.4	Primary Assembly	X			DS485981.1	Chromosome	NW_001847270.1	unlocalized-scaffold	1007	chrX_DS485981v1_random	446	211000022278488
GCA_000001215.4	Primary Assembly	X			DS485987.1	Chromosome	NW_001847276.1	unlocalized-scaffold	1005	chrX_DS485987v1_random	446	211000022278811
GCA_000001215.4	Primary Assembly	X			DS485994.1	Chromosome	NW_001847283.1	unlocalized-scaffold	1004	chrX_DS485994v1_random	446	211000022278230
GCA_000001215.4	Primary Assembly	Y			CP007107.1	Chromosome	NW_007931108.1	unlocalized-scaffold	73091	chrY_CP007107v1_random	199	Y_mapped_Scaffold_5_D1748_D1610
GCA_000001215.4	Primary Assembly	Y			CP007108.1	Chromosome	NW_007931109.1	unlocalized-scaffold	66731	chrY_CP007108v1_random	199	Y_mapped_Scaffold_9_D1573
GCA_000001215.4	Primary Assembly	Y			CP007109.1	Chromosome	NW_007931110.1	unlocalized-scaffold	66439	chrY_CP007109v1_random	199	Y_mapped_Scaffold_12_D1771
GCA_000001215.4	Primary Assembly	Y			CP007110.1	Chromosome	NW_007931111.1	unlocalized-scaffold	33316	chrY_CP007110v1_random	199	Y_mapped_Scaffold_15_D1727
GCA_000001215.4	Primary Assembly	Y			CP007111.1	Chromosome	NW_007931112.1	unlocalized-scaffold	34521	chrY_CP007111v1_random	199	Y_mapped_Scaffold_18_D1698
GCA_000001215.4	Primary Assembly	Y			CP007112.1	Chromosome	NW_007931113.1	unlocalized-scaffold	39041	chrY_CP007112v1_random	199	Y_mapped_Scaffold_20_D1762_D1719
GCA_000001215.4	Primary Assembly	Y			CP007113.1	Chromosome	NW_007931114.1	unlocalized-scaffold	34359	chrY_CP007113v1_random	199	Y_mapped_Scaffold_21_D1683_D1693
GCA_000001215.4	Primary Assembly	Y			CP007114.1	Chromosome	NW_007931115.1	unlocalized-scaffold	31460	chrY_CP007114v1_random	199	Y_mapped_Scaffold_23_D1638
GCA_000001215.4	Primary Assembly	Y			CP007115.1	Chromosome	NW_007931116.1	unlocalized-scaffold	21921	chrY_CP007115v1_random	199	Y_mapped_Scaffold_26_D1717
GCA_000001215.4	Primary Assembly	Y			CP007116.1	Chromosome	NW_007931117.1	unlocalized-scaffold	25805	chrY_CP007116v1_random	199	Y_mapped_Scaffold_30_D1720
GCA_000001215.4	Primary Assembly	Y			CP007117.1	Chromosome	NW_007931118.1	unlocalized-scaffold	24380	chrY_CP007117v1_random	199	Y_mapped_Scaffold_34_D1584
GCA_000001215.4	Primary Assembly	Y			CP007118.1	Chromosome	NW_007931119.1	unlocalized-scaffold	44104	chrY_CP007118v1_random	199	Y_mapped_Scaffold_53_D1765
GCA_000001215.4	Primary Assembly	Y			CP007119.1	Chromosome	NW_007931120.1	unlocalized-scaffold	11498	chrY_CP007119v1_random	199	211000022279762
GCA_000001215.4	Primary Assembly	Y			DS483677.1	Chromosome	NW_001844966.1	unlocalized-scaffold	12513	chrY_DS483677v1_random	199	211000022280742
GCA_000001215.4	Primary Assembly	Y			DS483690.1	Chromosome	NW_001844979.1	unlocalized-scaffold	12001	chrY_DS483690v1_random	199	211000022280763
GCA_000001215.4	Primary Assembly	Y			DS483725.1	Chromosome	NW_001845014.1	unlocalized-scaffold	13079	chrY_DS483725v1_random	199	211000022280187
GCA_000001215.4	Primary Assembly	Y			DS483742.1	Chromosome	NW_001845031.1	unlocalized-scaffold	11763	chrY_DS483742v1_random	199	211000022279681
GCA_000001215.4	Primary Assembly	Y			DS483778.1	Chromosome	NW_001845067.1	unlocalized-scaffold	5984	chrY_DS483778v1_random	199	211000022278684
GCA_000001215.4	Primary Assembly	Y			DS483788.1	Chromosome	NW_001845077.1	unlocalized-scaffold	5564	chrY_DS483788v1_random	199	211000022280748
GCA_000001215.4	Primary Assembly	Y			DS483790.1	Chromosome	NW_001845079.1	unlocalized-scaffold	5520	chrY_DS483790v1_random	199	211000022279688
GCA_000001215.4	Primary Assembly	Y			DS483875.1	Chromosome	NW_001845164.1	unlocalized-scaffold	4197	chrY_DS483875v1_random	199	211000022280494
GCA_000001215.4	Primary Assembly	Y			DS483889.1	Chromosome	NW_001845178.1	unlocalized-scaffold	4059	chrY_DS483889v1_random	199	211000022280504
GCA_000001215.4	Primary Assembly	Y			DS483931.1	Chromosome	NW_001845220.1	unlocalized-scaffold	3713	chrY_DS483931v1_random	199	211000022280481
GCA_000001215.4	Primary Assembly	Y			DS483959.1	Chromosome	NW_001845248.1	unlocalized-scaffold	3537	chrY_DS483959v1_random	199	211000022278601
GCA_000001215.4	Primary Assembly	Y			DS483966.1	Chromosome	NW_001845255.1	unlocalized-scaffold	3502	chrY_DS483966v1_random	199	211000022279030
GCA_000001215.4	Primary Assembly	Y			DS483967.1	Chromosome	NW_001845256.1	unlocalized-scaffold	3499	chrY_DS483967v1_random	199	211000022279468
GCA_000001215.4	Primary Assembly	Y			DS483987.1	Chromosome	NW_001845276.1	unlocalized-scaffold	3375	chrY_DS483987v1_random	199	211000022278795
GCA_000001215.4	Primary Assembly	Y			DS483988.1	Chromosome	NW_001845277.1	unlocalized-scaffold	3374	chrY_DS483988v1_random	199	211000022279951
GCA_000001215.4	Primary Assembly	Y			DS483996.1	Chromosome	NW_001845285.1	unlocalized-scaffold	3341	chrY_DS483996v1_random	199	211000022280483
GCA_000001215.4	Primary Assembly	Y			DS484021.1	Chromosome	NW_001845310.1	unlocalized-scaffold	3213	chrY_DS484021v1_random	199	211000022278218
GCA_000001215.4	Primary Assembly	Y			DS484029.1	Chromosome	NW_001845318.1	unlocalized-scaffold	3195	chrY_DS484029v1_random	199	211000022280619
GCA_000001215.4	Primary Assembly	Y			DS484037.1	Chromosome	NW_001845326.1	unlocalized-scaffold	3173	chrY_DS484037v1_random	199	211000022279224
GCA_000001215.4	Primary Assembly	Y			DS484043.1	Chromosome	NW_001845332.1	unlocalized-scaffold	3154	chrY_DS484043v1_random	199	211000022279649
GCA_000001215.4	Primary Assembly	Y			DS484049.1	Chromosome	NW_001845338.1	unlocalized-scaffold	3102	chrY_DS484049v1_random	199	211000022279186
GCA_000001215.4	Primary Assembly	Y			DS484056.1	Chromosome	NW_001845345.1	unlocalized-scaffold	3077	chrY_DS484056v1_random	199	211000022278895
GCA_000001215.4	Primary Assembly	Y			DS484063.1	Chromosome	NW_001845352.1	unlocalized-scaffold	3046	chrY_DS484063v1_random	199	211000022279642
GCA_000001215.4	Primary Assembly	Y			DS484094.1	Chromosome	NW_001845383.1	unlocalized-scaffold	2922	chrY_DS484094v1_random	199	211000022280686
GCA_000001215.4	Primary Assembly	Y			DS484103.1	Chromosome	NW_001845392.1	unlocalized-scaffold	2899	chrY_DS484103v1_random	199	211000022279532
GCA_000001215.4	Primary Assembly	Y			DS484128.1	Chromosome	NW_001845417.1	unlocalized-scaffold	2836	chrY_DS484128v1_random	199	211000022279382
GCA_000001215.4	Primary Assembly	Y			DS484142.1	Chromosome	NW_001845431.1	unlocalized-scaffold	2815	chrY_DS484142v1_random	199	211000022278436
GCA_000001215.4	Primary Assembly	Y			DS484146.1	Chromosome	NW_001845435.1	unlocalized-scaffold	2799	chrY_DS484146v1_random	199	211000022278586
GCA_000001215.4	Primary Assembly	Y			DS484164.1	Chromosome	NW_001845453.1	unlocalized-scaffold	2762	chrY_DS484164v1_random	199	211000022278734
GCA_000001215.4	Primary Assembly	Y			DS484171.1	Chromosome	NW_001845460.1	unlocalized-scaffold	2728	chrY_DS484171v1_random	199	211000022279709
GCA_000001215.4	Primary Assembly	Y			DS484175.1	Chromosome	NW_001845464.1	unlocalized-scaffold	2709	chrY_DS484175v1_random	199	211000022280138
GCA_000001215.4	Primary Assembly	Y			DS484181.1	Chromosome	NW_001845470.1	unlocalized-scaffold	2694	chrY_DS484181v1_random	199	211000022279755
GCA_000001215.4	Primary Assembly	Y			DS484184.1	Chromosome	NW_001845473.1	unlocalized-scaffold	2688	chrY_DS484184v1_random	199	211000022278278
GCA_000001215.4	Primary Assembly	Y			DS484197.1	Chromosome	NW_001845486.1	unlocalized-scaffold	2642	chrY_DS484197v1_random	199	211000022279046
GCA_000001215.4	Primary Assembly	Y			DS484233.1	Chromosome	NW_001845522.1	unlocalized-scaffold	2565	chrY_DS484233v1_random	199	211000022278509
GCA_000001215.4	Primary Assembly	Y			DS484249.1	Chromosome	NW_001845538.1	unlocalized-scaffold	2522	chrY_DS484249v1_random	199	211000022279261
GCA_000001215.4	Primary Assembly	Y			DS484250.1	Chromosome	NW_001845539.1	unlocalized-scaffold	2521	chrY_DS484250v1_random	199	211000022278743
GCA_000001215.4	Primary Assembly	Y			DS484259.1	Chromosome	NW_001845548.1	unlocalized-scaffold	2508	chrY_DS484259v1_random	199	211000022278683
GCA_000001215.4	Primary Assembly	Y			DS484266.1	Chromosome	NW_001845555.1	unlocalized-scaffold	2477	chrY_DS484266v1_random	199	211000022278802
GCA_000001215.4	Primary Assembly	Y			DS484270.1	Chromosome	NW_001845559.1	unlocalized-scaffold	2473	chrY_DS484270v1_random	199	211000022278510
GCA_000001215.4	Primary Assembly	Y			DS484336.1	Chromosome	NW_001845625.1	unlocalized-scaffold	2342	chrY_DS484336v1_random	199	211000022279334
GCA_000001215.4	Primary Assembly	Y			DS484351.1	Chromosome	NW_001845640.1	unlocalized-scaffold	2303	chrY_DS484351v1_random	199	211000022278577
GCA_000001215.4	Primary Assembly	Y			DS484377.1	Chromosome	NW_001845666.1	unlocalized-scaffold	2232	chrY_DS484377v1_random	199	211000022280024
GCA_000001215.4	Primary Assembly	Y			DS484390.1	Chromosome	NW_001845679.1	unlocalized-scaffold	2206	chrY_DS484390v1_random	199	211000022279932
GCA_000001215.4	Primary Assembly	Y			DS484441.1	Chromosome	NW_001845730.1	unlocalized-scaffold	2096	chrY_DS484441v1_random	199	211000022279583
GCA_000001215.4	Primary Assembly	Y			DS484465.1	Chromosome	NW_001845754.1	unlocalized-scaffold	2063	chrY_DS484465v1_random	199	211000022279937
GCA_000001215.4	Primary Assembly	Y			DS484492.1	Chromosome	NW_001845781.1	unlocalized-scaffold	2005	chrY_DS484492v1_random	199	211000022278984
GCA_000001215.4	Primary Assembly	Y			DS484523.1	Chromosome	NW_001845812.1	unlocalized-scaffold	1961	chrY_DS484523v1_random	199	211000022279268
GCA_000001215.4	Primary Assembly	Y			DS484530.1	Chromosome	NW_001845819.1	unlocalized-scaffold	1947	chrY_DS484530v1_random	199	211000022278449
GCA_000001215.4	Primary Assembly	Y			DS484531.1	Chromosome	NW_001845820.1	unlocalized-scaffold	1946	chrY_DS484531v1_random	199	211000022279795
GCA_000001215.4	Primary Assembly	Y			DS484574.1	Chromosome	NW_001845863.1	unlocalized-scaffold	1890	chrY_DS484574v1_random	199	211000022279104
GCA_000001215.4	Primary Assembly	Y			DS484589.1	Chromosome	NW_001845878.1	unlocalized-scaffold	1863	chrY_DS484589v1_random	199	211000022279494
GCA_000001215.4	Primary Assembly	Y			DS484631.1	Chromosome	NW_001845920.1	unlocalized-scaffold	1775	chrY_DS484631v1_random	199	211000022278941
GCA_000001215.4	Primary Assembly	Y			DS484637.1	Chromosome	NW_001845926.1	unlocalized-scaffold	1766	chrY_DS484637v1_random	199	211000022279123
GCA_000001215.4	Primary Assembly	Y			DS484641.1	Chromosome	NW_001845930.1	unlocalized-scaffold	1756	chrY_DS484641v1_random	199	211000022279989
GCA_000001215.4	Primary Assembly	Y			DS484643.1	Chromosome	NW_001845932.1	unlocalized-scaffold	1751	chrY_DS484643v1_random	199	211000022278565
GCA_000001215.4	Primary Assembly	Y			DS484665.1	Chromosome	NW_001845954.1	unlocalized-scaffold	1712	chrY_DS484665v1_random	199	211000022279026
GCA_000001215.4	Primary Assembly	Y			DS484674.1	Chromosome	NW_001845963.1	unlocalized-scaffold	1690	chrY_DS484674v1_random	199	211000022279936
GCA_000001215.4	Primary Assembly	Y			DS484675.1	Chromosome	NW_001845964.1	unlocalized-scaffold	1690	chrY_DS484675v1_random	199	211000022279025
GCA_000001215.4	Primary Assembly	Y			DS484680.1	Chromosome	NW_001845969.1	unlocalized-scaffold	1683	chrY_DS484680v1_random	199	211000022279582
GCA_000001215.4	Primary Assembly	Y			DS484681.1	Chromosome	NW_001845970.1	unlocalized-scaffold	1683	chrY_DS484681v1_random	199	211000022278709
GCA_000001215.4	Primary Assembly	Y			DS484696.1	Chromosome	NW_001845985.1	unlocalized-scaffold	1637	chrY_DS484696v1_random	199	211000022279680
GCA_000001215.4	Primary Assembly	Y			DS484706.1	Chromosome	NW_001845995.1	unlocalized-scaffold	1619	chrY_DS484706v1_random	199	211000022279090
GCA_000001215.4	Primary Assembly	Y			DS484757.1	Chromosome	NW_001846046.1	unlocalized-scaffold	1525	chrY_DS484757v1_random	199	211000022279870
GCA_000001215.4	Primary Assembly	Y			DS484781.1	Chromosome	NW_001846070.1	unlocalized-scaffold	1485	chrY_DS484781v1_random	199	211000022278872
GCA_000001215.4	Primary Assembly	Y			DS484805.1	Chromosome	NW_001846094.1	unlocalized-scaffold	1459	chrY_DS484805v1_random	199	211000022278214
GCA_000001215.4	Primary Assembly	Y			DS484807.1	Chromosome	NW_001846096.1	unlocalized-scaffold	1456	chrY_DS484807v1_random	199	211000022279963
GCA_000001215.4	Primary Assembly	Y			DS484818.1	Chromosome	NW_001846107.1	unlocalized-scaffold	1443	chrY_DS484818v1_random	199	211000022278997
GCA_000001215.4	Primary Assembly	Y			DS484820.1	Chromosome	NW_001846109.1	unlocalized-scaffold	1440	chrY_DS484820v1_random	199	211000022279876
GCA_000001215.4	Primary Assembly	Y			DS484830.1	Chromosome	NW_001846119.1	unlocalized-scaffold	1429	chrY_DS484830v1_random	199	211000022279950
GCA_000001215.4	Primary Assembly	Y			DS484863.1	Chromosome	NW_001846152.1	unlocalized-scaffold	1393	chrY_DS484863v1_random	199	211000022279279
GCA_000001215.4	Primary Assembly	Y			DS484875.1	Chromosome	NW_001846164.1	unlocalized-scaffold	1383	chrY_DS484875v1_random	199	211000022280116
GCA_000001215.4	Primary Assembly	Y			DS484876.1	Chromosome	NW_001846165.1	unlocalized-scaffold	1382	chrY_DS484876v1_random	199	211000022279907
GCA_000001215.4	Primary Assembly	Y			DS484908.1	Chromosome	NW_001846197.1	unlocalized-scaffold	1360	chrY_DS484908v1_random	199	211000022279484
GCA_000001215.4	Primary Assembly	Y			DS484909.1	Chromosome	NW_001846198.1	unlocalized-scaffold	1356	chrY_DS484909v1_random	199	211000022279392
GCA_000001215.4	Primary Assembly	Y			DS484924.1	Chromosome	NW_001846213.1	unlocalized-scaffold	1341	chrY_DS484924v1_random	199	211000022280044
GCA_000001215.4	Primary Assembly	Y			DS484942.1	Chromosome	NW_001846231.1	unlocalized-scaffold	1333	chrY_DS484942v1_random	199	211000022279550
GCA_000001215.4	Primary Assembly	Y			DS484945.1	Chromosome	NW_001846234.1	unlocalized-scaffold	1330	chrY_DS484945v1_random	199	211000022279485
GCA_000001215.4	Primary Assembly	Y			DS484956.1	Chromosome	NW_001846245.1	unlocalized-scaffold	1322	chrY_DS484956v1_random	199	211000022279404
GCA_000001215.4	Primary Assembly	Y			DS484983.1	Chromosome	NW_001846272.1	unlocalized-scaffold	1304	chrY_DS484983v1_random	199	211000022279560
GCA_000001215.4	Primary Assembly	Y			DS484986.1	Chromosome	NW_001846275.1	unlocalized-scaffold	1303	chrY_DS484986v1_random	199	211000022278722
GCA_000001215.4	Primary Assembly	Y			DS484992.1	Chromosome	NW_001846281.1	unlocalized-scaffold	1297	chrY_DS484992v1_random	199	211000022278153
GCA_000001215.4	Primary Assembly	Y			DS484994.1	Chromosome	NW_001846283.1	unlocalized-scaffold	1297	chrY_DS484994v1_random	199	211000022279319
GCA_000001215.4	Primary Assembly	Y			DS485013.1	Chromosome	NW_001846302.1	unlocalized-scaffold	1284	chrY_DS485013v1_random	199	211000022278405
GCA_000001215.4	Primary Assembly	Y			DS485014.1	Chromosome	NW_001846303.1	unlocalized-scaffold	1283	chrY_DS485014v1_random	199	211000022279835
GCA_000001215.4	Primary Assembly	Y			DS485016.1	Chromosome	NW_001846305.1	unlocalized-scaffold	1282	chrY_DS485016v1_random	199	211000022278418
GCA_000001215.4	Primary Assembly	Y			DS485028.1	Chromosome	NW_001846317.1	unlocalized-scaffold	1277	chrY_DS485028v1_random	199	211000022280157
GCA_000001215.4	Primary Assembly	Y			DS485042.1	Chromosome	NW_001846331.1	unlocalized-scaffold	1271	chrY_DS485042v1_random	199	211000022279269
GCA_000001215.4	Primary Assembly	Y			DS485048.1	Chromosome	NW_001846337.1	unlocalized-scaffold	1270	chrY_DS485048v1_random	199	211000022279496
GCA_000001215.4	Primary Assembly	Y			DS485051.1	Chromosome	NW_001846340.1	unlocalized-scaffold	1268	chrY_DS485051v1_random	199	211000022278791
GCA_000001215.4	Primary Assembly	Y			DS485070.1	Chromosome	NW_001846359.1	unlocalized-scaffold	1260	chrY_DS485070v1_random	199	211000022278756
GCA_000001215.4	Primary Assembly	Y			DS485097.1	Chromosome	NW_001846386.1	unlocalized-scaffold	1243	chrY_DS485097v1_random	199	211000022279725
GCA_000001215.4	Primary Assembly	Y			DS485099.1	Chromosome	NW_001846388.1	unlocalized-scaffold	1241	chrY_DS485099v1_random	199	211000022279491
GCA_000001215.4	Primary Assembly	Y			DS485113.1	Chromosome	NW_001846402.1	unlocalized-scaffold	1237	chrY_DS485113v1_random	199	211000022278135
GCA_000001215.4	Primary Assembly	Y			DS485137.1	Chromosome	NW_001846426.1	unlocalized-scaffold	1230	chrY_DS485137v1_random	199	211000022279678
GCA_000001215.4	Primary Assembly	Y			DS485143.1	Chromosome	NW_001846432.1	unlocalized-scaffold	1227	chrY_DS485143v1_random	199	211000022279918
GCA_000001215.4	Primary Assembly	Y			DS485158.1	Chromosome	NW_001846447.1	unlocalized-scaffold	1224	chrY_DS485158v1_random	199	211000022279047
GCA_000001215.4	Primary Assembly	Y			DS485159.1	Chromosome	NW_001846448.1	unlocalized-scaffold	1224	chrY_DS485159v1_random	199	211000022278798
GCA_000001215.4	Primary Assembly	Y			DS485166.1	Chromosome	NW_001846455.1	unlocalized-scaffold	1222	chrY_DS485166v1_random	199	211000022278935
GCA_000001215.4	Primary Assembly	Y			DS485178.1	Chromosome	NW_001846467.1	unlocalized-scaffold	1218	chrY_DS485178v1_random	199	211000022279335
GCA_000001215.4	Primary Assembly	Y			DS485219.1	Chromosome	NW_001846508.1	unlocalized-scaffold	1202	chrY_DS485219v1_random	199	211000022280090
GCA_000001215.4	Primary Assembly	Y			DS485236.1	Chromosome	NW_001846525.1	unlocalized-scaffold	1195	chrY_DS485236v1_random	199	211000022279174
GCA_000001215.4	Primary Assembly	Y			DS485250.1	Chromosome	NW_001846539.1	unlocalized-scaffold	1192	chrY_DS485250v1_random	199	211000022278990
GCA_000001215.4	Primary Assembly	Y			DS485267.1	Chromosome	NW_001846556.1	unlocalized-scaffold	1186	chrY_DS485267v1_random	199	211000022278142
GCA_000001215.4	Primary Assembly	Y			DS485283.1	Chromosome	NW_001846572.1	unlocalized-scaffold	1182	chrY_DS485283v1_random	199	211000022279974
GCA_000001215.4	Primary Assembly	Y			DS485288.1	Chromosome	NW_001846577.1	unlocalized-scaffold	1181	chrY_DS485288v1_random	199	211000022279831
GCA_000001215.4	Primary Assembly	Y			DS485302.1	Chromosome	NW_001846591.1	unlocalized-scaffold	1176	chrY_DS485302v1_random	199	211000022279452
GCA_000001215.4	Primary Assembly	Y			DS485315.1	Chromosome	NW_001846604.1	unlocalized-scaffold	1171	chrY_DS485315v1_random	199	211000022279679
GCA_000001215.4	Primary Assembly	Y			DS485316.1	Chromosome	NW_001846605.1	unlocalized-scaffold	1171	chrY_DS485316v1_random	199	211000022279999
GCA_000001215.4	Primary Assembly	Y			DS485318.1	Chromosome	NW_001846607.1	unlocalized-scaffold	1170	chrY_DS485318v1_random	199	211000022279669
GCA_000001215.4	Primary Assembly	Y			DS485320.1	Chromosome	NW_001846609.1	unlocalized-scaffold	1169	chrY_DS485320v1_random	199	211000022279410
GCA_000001215.4	Primary Assembly	Y			DS485328.1	Chromosome	NW_001846617.1	unlocalized-scaffold	1166	chrY_DS485328v1_random	199	211000022279333
GCA_000001215.4	Primary Assembly	Y			DS485329.1	Chromosome	NW_001846618.1	unlocalized-scaffold	1166	chrY_DS485329v1_random	199	211000022279266
GCA_000001215.4	Primary Assembly	Y			DS485335.1	Chromosome	NW_001846624.1	unlocalized-scaffold	1163	chrY_DS485335v1_random	199	211000022279986
GCA_000001215.4	Primary Assembly	Y			DS485343.1	Chromosome	NW_001846632.1	unlocalized-scaffold	1162	chrY_DS485343v1_random	199	211000022279280
GCA_000001215.4	Primary Assembly	Y			DS485359.1	Chromosome	NW_001846648.1	unlocalized-scaffold	1159	chrY_DS485359v1_random	199	211000022279164
GCA_000001215.4	Primary Assembly	Y			DS485363.1	Chromosome	NW_001846652.1	unlocalized-scaffold	1158	chrY_DS485363v1_random	199	211000022279511
GCA_000001215.4	Primary Assembly	Y			DS485374.1	Chromosome	NW_001846663.1	unlocalized-scaffold	1155	chrY_DS485374v1_random	199	211000022279153
GCA_000001215.4	Primary Assembly	Y			DS485375.1	Chromosome	NW_001846664.1	unlocalized-scaffold	1155	chrY_DS485375v1_random	199	211000022278499
GCA_000001215.4	Primary Assembly	Y			DS485388.1	Chromosome	NW_001846677.1	unlocalized-scaffold	1152	chrY_DS485388v1_random	199	211000022278995
GCA_000001215.4	Primary Assembly	Y			DS485399.1	Chromosome	NW_001846688.1	unlocalized-scaffold	1148	chrY_DS485399v1_random	199	211000022279181
GCA_000001215.4	Primary Assembly	Y			DS485409.1	Chromosome	NW_001846698.1	unlocalized-scaffold	1147	chrY_DS485409v1_random	199	211000022279352
GCA_000001215.4	Primary Assembly	Y			DS485416.1	Chromosome	NW_001846705.1	unlocalized-scaffold	1146	chrY_DS485416v1_random	199	211000022279935
GCA_000001215.4	Primary Assembly	Y			DS485422.1	Chromosome	NW_001846711.1	unlocalized-scaffold	1144	chrY_DS485422v1_random	199	211000022279901
GCA_000001215.4	Primary Assembly	Y			DS485423.1	Chromosome	NW_001846712.1	unlocalized-scaffold	1144	chrY_DS485423v1_random	199	211000022278760
GCA_000001215.4	Primary Assembly	Y			DS485427.1	Chromosome	NW_001846716.1	unlocalized-scaffold	1142	chrY_DS485427v1_random	199	211000022278936
GCA_000001215.4	Primary Assembly	Y			DS485430.1	Chromosome	NW_001846719.1	unlocalized-scaffold	1141	chrY_DS485430v1_random	199	211000022279995
GCA_000001215.4	Primary Assembly	Y			DS485436.1	Chromosome	NW_001846725.1	unlocalized-scaffold	1140	chrY_DS485436v1_random	199	211000022279938
GCA_000001215.4	Primary Assembly	Y			DS485440.1	Chromosome	NW_001846729.1	unlocalized-scaffold	1139	chrY_DS485440v1_random	199	211000022279458
GCA_000001215.4	Primary Assembly	Y			DS485450.1	Chromosome	NW_001846739.1	unlocalized-scaffold	1136	chrY_DS485450v1_random	199	211000022279941
GCA_000001215.4	Primary Assembly	Y			DS485452.1	Chromosome	NW_001846741.1	unlocalized-scaffold	1136	chrY_DS485452v1_random	199	211000022279391
GCA_000001215.4	Primary Assembly	Y			DS485460.1	Chromosome	NW_001846749.1	unlocalized-scaffold	1134	chrY_DS485460v1_random	199	211000022278450
GCA_000001215.4	Primary Assembly	Y			DS485470.1	Chromosome	NW_001846759.1	unlocalized-scaffold	1132	chrY_DS485470v1_random	199	211000022279799
GCA_000001215.4	Primary Assembly	Y			DS485473.1	Chromosome	NW_001846762.1	unlocalized-scaffold	1131	chrY_DS485473v1_random	199	211000022279800
GCA_000001215.4	Primary Assembly	Y			DS485483.1	Chromosome	NW_001846772.1	unlocalized-scaffold	1129	chrY_DS485483v1_random	199	211000022278987
GCA_000001215.4	Primary Assembly	Y			DS485492.1	Chromosome	NW_001846781.1	unlocalized-scaffold	1126	chrY_DS485492v1_random	199	211000022278959
GCA_000001215.4	Primary Assembly	Y			DS485512.1	Chromosome	NW_001846801.1	unlocalized-scaffold	1122	chrY_DS485512v1_random	199	211000022279910
GCA_000001215.4	Primary Assembly	Y			DS485523.1	Chromosome	NW_001846812.1	unlocalized-scaffold	1118	chrY_DS485523v1_random	199	211000022279165
GCA_000001215.4	Primary Assembly	Y			DS485532.1	Chromosome	NW_001846821.1	unlocalized-scaffold	1116	chrY_DS485532v1_random	199	211000022279546
GCA_000001215.4	Primary Assembly	Y			DS485534.1	Chromosome	NW_001846823.1	unlocalized-scaffold	1116	chrY_DS485534v1_random	199	211000022278736
GCA_000001215.4	Primary Assembly	Y			DS485552.1	Chromosome	NW_001846841.1	unlocalized-scaffold	1111	chrY_DS485552v1_random	199	211000022279813
GCA_000001215.4	Primary Assembly	Y			DS485560.1	Chromosome	NW_001846849.1	unlocalized-scaffold	1110	chrY_DS485560v1_random	199	211000022279236
GCA_000001215.4	Primary Assembly	Y			DS485561.1	Chromosome	NW_001846850.1	unlocalized-scaffold	1109	chrY_DS485561v1_random	199	211000022278873
GCA_000001215.4	Primary Assembly	Y			DS485575.1	Chromosome	NW_001846864.1	unlocalized-scaffold	1106	chrY_DS485575v1_random	199	211000022279005
GCA_000001215.4	Primary Assembly	Y			DS485594.1	Chromosome	NW_001846883.1	unlocalized-scaffold	1101	chrY_DS485594v1_random	199	211000022278201
GCA_000001215.4	Primary Assembly	Y			DS485604.1	Chromosome	NW_001846893.1	unlocalized-scaffold	1098	chrY_DS485604v1_random	199	211000022279586
GCA_000001215.4	Primary Assembly	Y			DS485625.1	Chromosome	NW_001846914.1	unlocalized-scaffold	1090	chrY_DS485625v1_random	199	211000022279661
GCA_000001215.4	Primary Assembly	Y			DS485641.1	Chromosome	NW_001846930.1	unlocalized-scaffold	1087	chrY_DS485641v1_random	199	211000022279403
GCA_000001215.4	Primary Assembly	Y			DS485646.1	Chromosome	NW_001846935.1	unlocalized-scaffold	1086	chrY_DS485646v1_random	199	211000022278803
GCA_000001215.4	Primary Assembly	Y			DS485685.1	Chromosome	NW_001846974.1	unlocalized-scaffold	1075	chrY_DS485685v1_random	199	211000022279459
GCA_000001215.4	Primary Assembly	Y			DS485696.1	Chromosome	NW_001846985.1	unlocalized-scaffold	1073	chrY_DS485696v1_random	199	211000022279007
GCA_000001215.4	Primary Assembly	Y			DS485698.1	Chromosome	NW_001846987.1	unlocalized-scaffold	1072	chrY_DS485698v1_random	199	211000022279988
GCA_000001215.4	Primary Assembly	Y			DS485718.1	Chromosome	NW_001847007.1	unlocalized-scaffold	1068	chrY_DS485718v1_random	199	211000022279486
GCA_000001215.4	Primary Assembly	Y			DS485732.1	Chromosome	NW_001847021.1	unlocalized-scaffold	1064	chrY_DS485732v1_random	199	211000022279137
GCA_000001215.4	Primary Assembly	Y			DS485736.1	Chromosome	NW_001847025.1	unlocalized-scaffold	1063	chrY_DS485736v1_random	199	211000022278787
GCA_000001215.4	Primary Assembly	Y			DS485739.1	Chromosome	NW_001847028.1	unlocalized-scaffold	1063	chrY_DS485739v1_random	199	211000022279385
GCA_000001215.4	Primary Assembly	Y			DS485749.1	Chromosome	NW_001847038.1	unlocalized-scaffold	1060	chrY_DS485749v1_random	199	211000022279031
GCA_000001215.4	Primary Assembly	Y			DS485752.1	Chromosome	NW_001847041.1	unlocalized-scaffold	1059	chrY_DS485752v1_random	199	211000022279034
GCA_000001215.4	Primary Assembly	Y			DS485755.1	Chromosome	NW_001847044.1	unlocalized-scaffold	1058	chrY_DS485755v1_random	199	211000022279801
GCA_000001215.4	Primary Assembly	Y			DS485764.1	Chromosome	NW_001847053.1	unlocalized-scaffold	1056	chrY_DS485764v1_random	199	211000022279377
GCA_000001215.4	Primary Assembly	Y			DS485767.1	Chromosome	NW_001847056.1	unlocalized-scaffold	1056	chrY_DS485767v1_random	199	211000022279211
GCA_000001215.4	Primary Assembly	Y			DS485772.1	Chromosome	NW_001847061.1	unlocalized-scaffold	1054	chrY_DS485772v1_random	199	211000022279314
GCA_000001215.4	Primary Assembly	Y			DS485776.1	Chromosome	NW_001847065.1	unlocalized-scaffold	1053	chrY_DS485776v1_random	199	211000022279677
GCA_000001215.4	Primary Assembly	Y			DS485786.1	Chromosome	NW_001847075.1	unlocalized-scaffold	1051	chrY_DS485786v1_random	199	211000022280040
GCA_000001215.4	Primary Assembly	Y			DS485795.1	Chromosome	NW_001847084.1	unlocalized-scaffold	1049	chrY_DS485795v1_random	199	211000022278682
GCA_000001215.4	Primary Assembly	Y			DS485839.1	Chromosome	NW_001847128.1	unlocalized-scaffold	1042	chrY_DS485839v1_random	199	211000022279492
GCA_000001215.4	Primary Assembly	Y			DS485840.1	Chromosome	NW_001847129.1	unlocalized-scaffold	1041	chrY_DS485840v1_random	199	211000022278956
GCA_000001215.4	Primary Assembly	Y			DS485849.1	Chromosome	NW_001847138.1	unlocalized-scaffold	1039	chrY_DS485849v1_random	199	211000022280072
GCA_000001215.4	Primary Assembly	Y			DS485858.1	Chromosome	NW_001847147.1	unlocalized-scaffold	1037	chrY_DS485858v1_random	199	211000022279908
GCA_000001215.4	Primary Assembly	Y			DS485865.1	Chromosome	NW_001847154.1	unlocalized-scaffold	1035	chrY_DS485865v1_random	199	211000022278538
GCA_000001215.4	Primary Assembly	Y			DS485873.1	Chromosome	NW_001847162.1	unlocalized-scaffold	1033	chrY_DS485873v1_random	199	211000022278772
GCA_000001215.4	Primary Assembly	Y			DS485875.1	Chromosome	NW_001847164.1	unlocalized-scaffold	1032	chrY_DS485875v1_random	199	211000022278965
GCA_000001215.4	Primary Assembly	Y			DS485885.1	Chromosome	NW_001847174.1	unlocalized-scaffold	1030	chrY_DS485885v1_random	199	211000022280057
GCA_000001215.4	Primary Assembly	Y			DS485888.1	Chromosome	NW_001847177.1	unlocalized-scaffold	1029	chrY_DS485888v1_random	199	211000022279791
GCA_000001215.4	Primary Assembly	Y			DS485892.1	Chromosome	NW_001847181.1	unlocalized-scaffold	1029	chrY_DS485892v1_random	199	211000022279802
GCA_000001215.4	Primary Assembly	Y			DS485894.1	Chromosome	NW_001847183.1	unlocalized-scaffold	1029	chrY_DS485894v1_random	199	211000022278939
GCA_000001215.4	Primary Assembly	Y			DS485901.1	Chromosome	NW_001847190.1	unlocalized-scaffold	1027	chrY_DS485901v1_random	199	211000022279272
GCA_000001215.4	Primary Assembly	Y			DS485927.1	Chromosome	NW_001847216.1	unlocalized-scaffold	1020	chrY_DS485927v1_random	199	211000022278710
GCA_000001215.4	Primary Assembly	Y			DS485938.1	Chromosome	NW_001847227.1	unlocalized-scaffold	1019	chrY_DS485938v1_random	199	211000022279264
GCA_000001215.4	Primary Assembly	Y			DS485956.1	Chromosome	NW_001847245.1	unlocalized-scaffold	1014	chrY_DS485956v1_random	199	211000022279972
GCA_000001215.4	Primary Assembly	Y			DS485960.1	Chromosome	NW_001847249.1	unlocalized-scaffold	1012	chrY_DS485960v1_random	199	211000022279589
GCA_000001215.4	Primary Assembly	Y			DS485963.1	Chromosome	NW_001847252.1	unlocalized-scaffold	1012	chrY_DS485963v1_random	199	211000022279670
GCA_000001215.4	Primary Assembly	Y			DS485972.1	Chromosome	NW_001847261.1	unlocalized-scaffold	1010	chrY_DS485972v1_random	199	211000022279646
GCA_000001215.4	Primary Assembly	Y			DS485974.1	Chromosome	NW_001847263.1	unlocalized-scaffold	1010	chrY_DS485974v1_random	199	211000022279639
GCA_000001215.4	Primary Assembly	Y			DS485975.1	Chromosome	NW_001847264.1	unlocalized-scaffold	1010	chrY_DS485975v1_random	199	211000022279235
GCA_000001215.4	Primary Assembly	Y			DS486003.1	Chromosome	NW_001847292.1	unlocalized-scaffold	1001	chrY_DS486003v1_random	199	211000022278495
GCA_000001215.4	Primary Assembly	Un			CP007071.1	Chromosome	NW_007931073.1	unplaced-scaffold	19956	chrUn_CP007071v1		2Cen_mapped_Scaffold_10_D1684
GCA_000001215.4	Primary Assembly	Un			CP007072.1	Chromosome	NW_007931074.1	unplaced-scaffold	44411	chrUn_CP007072v1		2Cen_mapped_Scaffold_43_D1668
GCA_000001215.4	Primary Assembly	Un			CP007073.1	Chromosome	NW_007931075.1	unplaced-scaffold	13157	chrUn_CP007073v1		2R2_mapped_Scaffold_56_D1828
GCA_000001215.4	Primary Assembly	Un			CP007074.1	Chromosome	NW_007931076.1	unplaced-scaffold	76224	chrUn_CP007074v1		3Cen_mapped_Scaffold_1_D1896_D1895
GCA_000001215.4	Primary Assembly	Un			CP007075.1	Chromosome	NW_007931077.1	unplaced-scaffold	11983	chrUn_CP007075v1		3Cen_mapped_Scaffold_27_D1777
GCA_000001215.4	Primary Assembly	Un			CP007076.1	Chromosome	NW_007931078.1	unplaced-scaffold	87365	chrUn_CP007076v1		3Cen_mapped_Scaffold_31_D1643_D1653_D1791
GCA_000001215.4	Primary Assembly	Un			CP007077.1	Chromosome	NW_007931079.1	unplaced-scaffold	36913	chrUn_CP007077v1		3Cen_mapped_Scaffold_36_D1605
GCA_000001215.4	Primary Assembly	Un			CP007078.1	Chromosome	NW_007931080.1	unplaced-scaffold	22604	chrUn_CP007078v1		3Cen_mapped_Scaffold_41_D1641
GCA_000001215.4	Primary Assembly	Un			CP007079.1	Chromosome	NW_007931081.1	unplaced-scaffold	23238	chrUn_CP007079v1		3Cen_mapped_Scaffold_50_D1686
GCA_000001215.4	Primary Assembly	Un			CP007080.1	Chromosome	NW_007931082.1	unplaced-scaffold	86267	chrUn_CP007080v1		Unmapped_Scaffold_4_D1555_D1692
GCA_000001215.4	Primary Assembly	Un			CP007081.1	Chromosome	NW_007931083.1	unplaced-scaffold	88768	chrUn_CP007081v1		Unmapped_Scaffold_8_D1580_D1567
GCA_000001215.4	Primary Assembly	Un			CP007082.1	Chromosome	NW_007931084.1	unplaced-scaffold	36482	chrUn_CP007082v1		Unmapped_Scaffold_11_D1754
GCA_000001215.4	Primary Assembly	Un			CP007083.1	Chromosome	NW_007931085.1	unplaced-scaffold	25537	chrUn_CP007083v1		Unmapped_Scaffold_13_D1782
GCA_000001215.4	Primary Assembly	Un			CP007084.1	Chromosome	NW_007931086.1	unplaced-scaffold	62570	chrUn_CP007084v1		Unmapped_Scaffold_17_D1756_D1775
GCA_000001215.4	Primary Assembly	Un			CP007085.1	Chromosome	NW_007931087.1	unplaced-scaffold	45120	chrUn_CP007085v1		Unmapped_Scaffold_22_D1753
GCA_000001215.4	Primary Assembly	Un			CP007086.1	Chromosome	NW_007931088.1	unplaced-scaffold	22882	chrUn_CP007086v1		Unmapped_Scaffold_24_D1707
GCA_000001215.4	Primary Assembly	Un			CP007087.1	Chromosome	NW_007931089.1	unplaced-scaffold	46986	chrUn_CP007087v1		Unmapped_Scaffold_28_D1723
GCA_000001215.4	Primary Assembly	Un			CP007088.1	Chromosome	NW_007931090.1	unplaced-scaffold	37106	chrUn_CP007088v1		Unmapped_Scaffold_29_D1705
GCA_000001215.4	Primary Assembly	Un			CP007089.1	Chromosome	NW_007931091.1	unplaced-scaffold	16157	chrUn_CP007089v1		Unmapped_Scaffold_32_D1773
GCA_000001215.4	Primary Assembly	Un			CP007090.1	Chromosome	NW_007931092.1	unplaced-scaffold	57785	chrUn_CP007090v1		Unmapped_Scaffold_35_D1599
GCA_000001215.4	Primary Assembly	Un			CP007091.1	Chromosome	NW_007931093.1	unplaced-scaffold	20763	chrUn_CP007091v1		Unmapped_Scaffold_37_D1608
GCA_000001215.4	Primary Assembly	Un			CP007092.1	Chromosome	NW_007931094.1	unplaced-scaffold	28305	chrUn_CP007092v1		Unmapped_Scaffold_38_D1625
GCA_000001215.4	Primary Assembly	Un			CP007093.1	Chromosome	NW_007931095.1	unplaced-scaffold	25698	chrUn_CP007093v1		Unmapped_Scaffold_44_D1670
GCA_000001215.4	Primary Assembly	Un			CP007094.1	Chromosome	NW_007931096.1	unplaced-scaffold	29583	chrUn_CP007094v1		Unmapped_Scaffold_45_D1673
GCA_000001215.4	Primary Assembly	Un			CP007095.1	Chromosome	NW_007931097.1	unplaced-scaffold	25560	chrUn_CP007095v1		Unmapped_Scaffold_46_D1675
GCA_000001215.4	Primary Assembly	Un			CP007096.1	Chromosome	NW_007931098.1	unplaced-scaffold	26115	chrUn_CP007096v1		Unmapped_Scaffold_48_D1678
GCA_000001215.4	Primary Assembly	Un			CP007097.1	Chromosome	NW_007931099.1	unplaced-scaffold	13455	chrUn_CP007097v1		Unmapped_Scaffold_51_D1697
GCA_000001215.4	Primary Assembly	Un			CP007098.1	Chromosome	NW_007931100.1	unplaced-scaffold	43383	chrUn_CP007098v1		Unmapped_Scaffold_52_D1739
GCA_000001215.4	Primary Assembly	Un			CP007099.1	Chromosome	NW_007931101.1	unplaced-scaffold	12632	chrUn_CP007099v1		Unmapped_Scaffold_54_D1776
GCA_000001215.4	Primary Assembly	Un			CP007100.1	Chromosome	NW_007931102.1	unplaced-scaffold	10091	chrUn_CP007100v1		Unmapped_Scaffold_58_D1862
GCA_000001215.4	Primary Assembly	Un			CP007101.1	Chromosome	NW_007931103.1	unplaced-scaffold	24503	chrUn_CP007101v1		Unmapped_Scaffold_60_D1601
GCA_000001215.4	Primary Assembly	Un			CP007102.1	Chromosome	NW_007931104.1	unplaced-scaffold	12714	chrUn_CP007102v1		211000022278279
GCA_000001215.4	Primary Assembly	Un			CP007105.1	Chromosome	NW_007931107.1	unplaced-scaffold	47411	chrUn_CP007105v1		XY_mapped_Scaffold_42_D1648
GCA_000001215.4	Primary Assembly	Un			CP007120.1	Chromosome	NW_007931121.1	unplaced-scaffold	76973	chrUn_CP007120v1		rDNA
GCA_000001215.4	Primary Assembly	Un			DS483562.1	Chromosome	NW_001844851.1	unplaced-scaffold	50625	chrUn_DS483562v1		XY_mapped_Scaffold_7_D1574
GCA_000001215.4	Primary Assembly	Un			DS483629.1	Chromosome	NW_001844918.1	unplaced-scaffold	15417	chrUn_DS483629v1		211000022280772
GCA_000001215.4	Primary Assembly	Un			DS483641.1	Chromosome	NW_001844930.1	unplaced-scaffold	14503	chrUn_DS483641v1		211000022280659
GCA_000001215.4	Primary Assembly	Un			DS483646.1	Chromosome	NW_001844935.1	unplaced-scaffold	14098	chrUn_DS483646v1		211000022280328
GCA_000001215.4	Primary Assembly	Un			DS483647.1	Chromosome	NW_001844936.1	unplaced-scaffold	14028	chrUn_DS483647v1		211000022280541
GCA_000001215.4	Primary Assembly	Un			DS483649.1	Chromosome	NW_001844938.1	unplaced-scaffold	13935	chrUn_DS483649v1		211000022280259
GCA_000001215.4	Primary Assembly	Un			DS483650.1	Chromosome	NW_001844939.1	unplaced-scaffold	13906	chrUn_DS483650v1		211000022278875
GCA_000001215.4	Primary Assembly	Un			DS483658.1	Chromosome	NW_001844947.1	unplaced-scaffold	13455	chrUn_DS483658v1		211000022279719
GCA_000001215.4	Primary Assembly	Un			DS483659.1	Chromosome	NW_001844948.1	unplaced-scaffold	13416	chrUn_DS483659v1		211000022279579
GCA_000001215.4	Primary Assembly	Un			DS483662.1	Chromosome	NW_001844951.1	unplaced-scaffold	13317	chrUn_DS483662v1		211000022279094
GCA_000001215.4	Primary Assembly	Un			DS483663.1	Chromosome	NW_001844952.1	unplaced-scaffold	13256	chrUn_DS483663v1		211000022279556
GCA_000001215.4	Primary Assembly	Un			DS483670.1	Chromosome	NW_001844959.1	unplaced-scaffold	12827	chrUn_DS483670v1		211000022279754
GCA_000001215.4	Primary Assembly	Un			DS483673.1	Chromosome	NW_001844962.1	unplaced-scaffold	12654	chrUn_DS483673v1		211000022279420
GCA_000001215.4	Primary Assembly	Un			DS483674.1	Chromosome	NW_001844963.1	unplaced-scaffold	12632	chrUn_DS483674v1		211000022279022
GCA_000001215.4	Primary Assembly	Un			DS483675.1	Chromosome	NW_001844964.1	unplaced-scaffold	12536	chrUn_DS483675v1		211000022279503
GCA_000001215.4	Primary Assembly	Un			DS483678.1	Chromosome	NW_001844967.1	unplaced-scaffold	12424	chrUn_DS483678v1		211000022278978
GCA_000001215.4	Primary Assembly	Un			DS483679.1	Chromosome	NW_001844968.1	unplaced-scaffold	12424	chrUn_DS483679v1		211000022279829
GCA_000001215.4	Primary Assembly	Un			DS483680.1	Chromosome	NW_001844969.1	unplaced-scaffold	12399	chrUn_DS483680v1		211000022278916
GCA_000001215.4	Primary Assembly	Un			DS483681.1	Chromosome	NW_001844970.1	unplaced-scaffold	12368	chrUn_DS483681v1		211000022279098
GCA_000001215.4	Primary Assembly	Un			DS483682.1	Chromosome	NW_001844971.1	unplaced-scaffold	12354	chrUn_DS483682v1		211000022278777
GCA_000001215.4	Primary Assembly	Un			DS483686.1	Chromosome	NW_001844975.1	unplaced-scaffold	12148	chrUn_DS483686v1		211000022279594
GCA_000001215.4	Primary Assembly	Un			DS483687.1	Chromosome	NW_001844976.1	unplaced-scaffold	12142	chrUn_DS483687v1		211000022279637
GCA_000001215.4	Primary Assembly	Un			DS483688.1	Chromosome	NW_001844977.1	unplaced-scaffold	12095	chrUn_DS483688v1		211000022279456
GCA_000001215.4	Primary Assembly	Un			DS483689.1	Chromosome	NW_001844978.1	unplaced-scaffold	12034	chrUn_DS483689v1		211000022279893
GCA_000001215.4	Primary Assembly	Un			DS483692.1	Chromosome	NW_001844981.1	unplaced-scaffold	11985	chrUn_DS483692v1		211000022278390
GCA_000001215.4	Primary Assembly	Un			DS483693.1	Chromosome	NW_001844982.1	unplaced-scaffold	11958	chrUn_DS483693v1		211000022279189
GCA_000001215.4	Primary Assembly	Un			DS483694.1	Chromosome	NW_001844983.1	unplaced-scaffold	11951	chrUn_DS483694v1		211000022278399
GCA_000001215.4	Primary Assembly	Un			DS483695.1	Chromosome	NW_001844984.1	unplaced-scaffold	11743	chrUn_DS483695v1		211000022278549
GCA_000001215.4	Primary Assembly	Un			DS483700.1	Chromosome	NW_001844989.1	unplaced-scaffold	11430	chrUn_DS483700v1		211000022278269
GCA_000001215.4	Primary Assembly	Un			DS483701.1	Chromosome	NW_001844990.1	unplaced-scaffold	11220	chrUn_DS483701v1		211000022279423
GCA_000001215.4	Primary Assembly	Un			DS483702.1	Chromosome	NW_001844991.1	unplaced-scaffold	11148	chrUn_DS483702v1		211000022280064
GCA_000001215.4	Primary Assembly	Un			DS483703.1	Chromosome	NW_001844992.1	unplaced-scaffold	11126	chrUn_DS483703v1		211000022278686
GCA_000001215.4	Primary Assembly	Un			DS483705.1	Chromosome	NW_001844994.1	unplaced-scaffold	27456	chrUn_DS483705v1		211000022278049
GCA_000001215.4	Primary Assembly	Un			DS483707.1	Chromosome	NW_001844996.1	unplaced-scaffold	25840	chrUn_DS483707v1		211000022278415
GCA_000001215.4	Primary Assembly	Un			DS483709.1	Chromosome	NW_001844998.1	unplaced-scaffold	18299	chrUn_DS483709v1		211000022280761
GCA_000001215.4	Primary Assembly	Un			DS483711.1	Chromosome	NW_001845000.1	unplaced-scaffold	14687	chrUn_DS483711v1		211000022278217
GCA_000001215.4	Primary Assembly	Un			DS483712.1	Chromosome	NW_001845001.1	unplaced-scaffold	14199	chrUn_DS483712v1		211000022278974
GCA_000001215.4	Primary Assembly	Un			DS483719.1	Chromosome	NW_001845008.1	unplaced-scaffold	12027	chrUn_DS483719v1		211000022278273
GCA_000001215.4	Primary Assembly	Un			DS483723.1	Chromosome	NW_001845012.1	unplaced-scaffold	21074	chrUn_DS483723v1		211000022278354
GCA_000001215.4	Primary Assembly	Un			DS483724.1	Chromosome	NW_001845013.1	unplaced-scaffold	13501	chrUn_DS483724v1		211000022280596
GCA_000001215.4	Primary Assembly	Un			DS483726.1	Chromosome	NW_001845015.1	unplaced-scaffold	14983	chrUn_DS483726v1		211000022279114
GCA_000001215.4	Primary Assembly	Un			DS483728.1	Chromosome	NW_001845017.1	unplaced-scaffold	12681	chrUn_DS483728v1		211000022278185
GCA_000001215.4	Primary Assembly	Un			DS483734.1	Chromosome	NW_001845023.1	unplaced-scaffold	15522	chrUn_DS483734v1		211000022279276
GCA_000001215.4	Primary Assembly	Un			DS483735.1	Chromosome	NW_001845024.1	unplaced-scaffold	15068	chrUn_DS483735v1		211000022280237
GCA_000001215.4	Primary Assembly	Un			DS483736.1	Chromosome	NW_001845025.1	unplaced-scaffold	14006	chrUn_DS483736v1		211000022278653
GCA_000001215.4	Primary Assembly	Un			DS483737.1	Chromosome	NW_001845026.1	unplaced-scaffold	13553	chrUn_DS483737v1		211000022279892
GCA_000001215.4	Primary Assembly	Un			DS483738.1	Chromosome	NW_001845027.1	unplaced-scaffold	12856	chrUn_DS483738v1		211000022279146
GCA_000001215.4	Primary Assembly	Un			DS483739.1	Chromosome	NW_001845028.1	unplaced-scaffold	12459	chrUn_DS483739v1		211000022279345
GCA_000001215.4	Primary Assembly	Un			DS483740.1	Chromosome	NW_001845029.1	unplaced-scaffold	12002	chrUn_DS483740v1		211000022279001
GCA_000001215.4	Primary Assembly	Un			DS483741.1	Chromosome	NW_001845030.1	unplaced-scaffold	11807	chrUn_DS483741v1		211000022279523
GCA_000001215.4	Primary Assembly	Un			DS483743.1	Chromosome	NW_001845032.1	unplaced-scaffold	11569	chrUn_DS483743v1		211000022278849
GCA_000001215.4	Primary Assembly	Un			DS483744.1	Chromosome	NW_001845033.1	unplaced-scaffold	9865	chrUn_DS483744v1		211000022280750
GCA_000001215.4	Primary Assembly	Un			DS483746.1	Chromosome	NW_001845035.1	unplaced-scaffold	9341	chrUn_DS483746v1		211000022279869
GCA_000001215.4	Primary Assembly	Un			DS483748.1	Chromosome	NW_001845037.1	unplaced-scaffold	8346	chrUn_DS483748v1		211000022278215
GCA_000001215.4	Primary Assembly	Un			DS483749.1	Chromosome	NW_001845038.1	unplaced-scaffold	8007	chrUn_DS483749v1		211000022279695
GCA_000001215.4	Primary Assembly	Un			DS483750.1	Chromosome	NW_001845039.1	unplaced-scaffold	7722	chrUn_DS483750v1		211000022279735
GCA_000001215.4	Primary Assembly	Un			DS483751.1	Chromosome	NW_001845040.1	unplaced-scaffold	7314	chrUn_DS483751v1		211000022280490
GCA_000001215.4	Primary Assembly	Un			DS483753.1	Chromosome	NW_001845042.1	unplaced-scaffold	7123	chrUn_DS483753v1		211000022280465
GCA_000001215.4	Primary Assembly	Un			DS483754.1	Chromosome	NW_001845043.1	unplaced-scaffold	7003	chrUn_DS483754v1		211000022280734
GCA_000001215.4	Primary Assembly	Un			DS483755.1	Chromosome	NW_001845044.1	unplaced-scaffold	6936	chrUn_DS483755v1		211000022278032
GCA_000001215.4	Primary Assembly	Un			DS483757.1	Chromosome	NW_001845046.1	unplaced-scaffold	6900	chrUn_DS483757v1		211000022280476
GCA_000001215.4	Primary Assembly	Un			DS483758.1	Chromosome	NW_001845047.1	unplaced-scaffold	6860	chrUn_DS483758v1		211000022280735
GCA_000001215.4	Primary Assembly	Un			DS483759.1	Chromosome	NW_001845048.1	unplaced-scaffold	6860	chrUn_DS483759v1		211000022279018
GCA_000001215.4	Primary Assembly	Un			DS483760.1	Chromosome	NW_001845049.1	unplaced-scaffold	6825	chrUn_DS483760v1		211000022280699
GCA_000001215.4	Primary Assembly	Un			DS483762.1	Chromosome	NW_001845051.1	unplaced-scaffold	6698	chrUn_DS483762v1		211000022280447
GCA_000001215.4	Primary Assembly	Un			DS483763.1	Chromosome	NW_001845052.1	unplaced-scaffold	6546	chrUn_DS483763v1		211000022280640
GCA_000001215.4	Primary Assembly	Un			DS483767.1	Chromosome	NW_001845056.1	unplaced-scaffold	6396	chrUn_DS483767v1		211000022279879
GCA_000001215.4	Primary Assembly	Un			DS483768.1	Chromosome	NW_001845057.1	unplaced-scaffold	6294	chrUn_DS483768v1		211000022280236
GCA_000001215.4	Primary Assembly	Un			DS483769.1	Chromosome	NW_001845058.1	unplaced-scaffold	6237	chrUn_DS483769v1		211000022279539
GCA_000001215.4	Primary Assembly	Un			DS483770.1	Chromosome	NW_001845059.1	unplaced-scaffold	6193	chrUn_DS483770v1		211000022280519
GCA_000001215.4	Primary Assembly	Un			DS483772.1	Chromosome	NW_001845061.1	unplaced-scaffold	6076	chrUn_DS483772v1		211000022279177
GCA_000001215.4	Primary Assembly	Un			DS483773.1	Chromosome	NW_001845062.1	unplaced-scaffold	6062	chrUn_DS483773v1		211000022280046
GCA_000001215.4	Primary Assembly	Un			DS483774.1	Chromosome	NW_001845063.1	unplaced-scaffold	6041	chrUn_DS483774v1		211000022280518
GCA_000001215.4	Primary Assembly	Un			DS483776.1	Chromosome	NW_001845065.1	unplaced-scaffold	6000	chrUn_DS483776v1		211000022280545
GCA_000001215.4	Primary Assembly	Un			DS483780.1	Chromosome	NW_001845069.1	unplaced-scaffold	5968	chrUn_DS483780v1		211000022280437
GCA_000001215.4	Primary Assembly	Un			DS483781.1	Chromosome	NW_001845070.1	unplaced-scaffold	5952	chrUn_DS483781v1		211000022280655
GCA_000001215.4	Primary Assembly	Un			DS483782.1	Chromosome	NW_001845071.1	unplaced-scaffold	5915	chrUn_DS483782v1		211000022279884
GCA_000001215.4	Primary Assembly	Un			DS483783.1	Chromosome	NW_001845072.1	unplaced-scaffold	5891	chrUn_DS483783v1		211000022279147
GCA_000001215.4	Primary Assembly	Un			DS483785.1	Chromosome	NW_001845074.1	unplaced-scaffold	5772	chrUn_DS483785v1		211000022280462
GCA_000001215.4	Primary Assembly	Un			DS483787.1	Chromosome	NW_001845076.1	unplaced-scaffold	5698	chrUn_DS483787v1		211000022280472
GCA_000001215.4	Primary Assembly	Un			DS483792.1	Chromosome	NW_001845081.1	unplaced-scaffold	5465	chrUn_DS483792v1		211000022279380
GCA_000001215.4	Primary Assembly	Un			DS483793.1	Chromosome	NW_001845082.1	unplaced-scaffold	5463	chrUn_DS483793v1		211000022280517
GCA_000001215.4	Primary Assembly	Un			DS483796.1	Chromosome	NW_001845085.1	unplaced-scaffold	5383	chrUn_DS483796v1		211000022280727
GCA_000001215.4	Primary Assembly	Un			DS483797.1	Chromosome	NW_001845086.1	unplaced-scaffold	5360	chrUn_DS483797v1		211000022279257
GCA_000001215.4	Primary Assembly	Un			DS483798.1	Chromosome	NW_001845087.1	unplaced-scaffold	5324	chrUn_DS483798v1		211000022280656
GCA_000001215.4	Primary Assembly	Un			DS483799.1	Chromosome	NW_001845088.1	unplaced-scaffold	5323	chrUn_DS483799v1		211000022278556
GCA_000001215.4	Primary Assembly	Un			DS483800.1	Chromosome	NW_001845089.1	unplaced-scaffold	5316	chrUn_DS483800v1		211000022280637
GCA_000001215.4	Primary Assembly	Un			DS483801.1	Chromosome	NW_001845090.1	unplaced-scaffold	5281	chrUn_DS483801v1		211000022279634
GCA_000001215.4	Primary Assembly	Un			DS483804.1	Chromosome	NW_001845093.1	unplaced-scaffold	5189	chrUn_DS483804v1		211000022279559
GCA_000001215.4	Primary Assembly	Un			DS483805.1	Chromosome	NW_001845094.1	unplaced-scaffold	5182	chrUn_DS483805v1		211000022278960
GCA_000001215.4	Primary Assembly	Un			DS483806.1	Chromosome	NW_001845095.1	unplaced-scaffold	5098	chrUn_DS483806v1		211000022280459
GCA_000001215.4	Primary Assembly	Un			DS483807.1	Chromosome	NW_001845096.1	unplaced-scaffold	5061	chrUn_DS483807v1		211000022280720
GCA_000001215.4	Primary Assembly	Un			DS483808.1	Chromosome	NW_001845097.1	unplaced-scaffold	5060	chrUn_DS483808v1		211000022278712
GCA_000001215.4	Primary Assembly	Un			DS483810.1	Chromosome	NW_001845099.1	unplaced-scaffold	5026	chrUn_DS483810v1		211000022280583
GCA_000001215.4	Primary Assembly	Un			DS483811.1	Chromosome	NW_001845100.1	unplaced-scaffold	5000	chrUn_DS483811v1		211000022280615
GCA_000001215.4	Primary Assembly	Un			DS483812.1	Chromosome	NW_001845101.1	unplaced-scaffold	4996	chrUn_DS483812v1		211000022280461
GCA_000001215.4	Primary Assembly	Un			DS483813.1	Chromosome	NW_001845102.1	unplaced-scaffold	4994	chrUn_DS483813v1		211000022280558
GCA_000001215.4	Primary Assembly	Un			DS483814.1	Chromosome	NW_001845103.1	unplaced-scaffold	4986	chrUn_DS483814v1		211000022280087
GCA_000001215.4	Primary Assembly	Un			DS483815.1	Chromosome	NW_001845104.1	unplaced-scaffold	4967	chrUn_DS483815v1		211000022279928
GCA_000001215.4	Primary Assembly	Un			DS483816.1	Chromosome	NW_001845105.1	unplaced-scaffold	4939	chrUn_DS483816v1		211000022279913
GCA_000001215.4	Primary Assembly	Un			DS483817.1	Chromosome	NW_001845106.1	unplaced-scaffold	4933	chrUn_DS483817v1		211000022280589
GCA_000001215.4	Primary Assembly	Un			DS483819.1	Chromosome	NW_001845108.1	unplaced-scaffold	4903	chrUn_DS483819v1		211000022280445
GCA_000001215.4	Primary Assembly	Un			DS483820.1	Chromosome	NW_001845109.1	unplaced-scaffold	4888	chrUn_DS483820v1		211000022279453
GCA_000001215.4	Primary Assembly	Un			DS483822.1	Chromosome	NW_001845111.1	unplaced-scaffold	4865	chrUn_DS483822v1		211000022280233
GCA_000001215.4	Primary Assembly	Un			DS483824.1	Chromosome	NW_001845113.1	unplaced-scaffold	4820	chrUn_DS483824v1		211000022280015
GCA_000001215.4	Primary Assembly	Un			DS483825.1	Chromosome	NW_001845114.1	unplaced-scaffold	4815	chrUn_DS483825v1		211000022279449
GCA_000001215.4	Primary Assembly	Un			DS483828.1	Chromosome	NW_001845117.1	unplaced-scaffold	4785	chrUn_DS483828v1		211000022280607
GCA_000001215.4	Primary Assembly	Un			DS483832.1	Chromosome	NW_001845121.1	unplaced-scaffold	4705	chrUn_DS483832v1		211000022280618
GCA_000001215.4	Primary Assembly	Un			DS483833.1	Chromosome	NW_001845122.1	unplaced-scaffold	4701	chrUn_DS483833v1		211000022280503
GCA_000001215.4	Primary Assembly	Un			DS483837.1	Chromosome	NW_001845126.1	unplaced-scaffold	4608	chrUn_DS483837v1		211000022280050
GCA_000001215.4	Primary Assembly	Un			DS483839.1	Chromosome	NW_001845128.1	unplaced-scaffold	4581	chrUn_DS483839v1		211000022280652
GCA_000001215.4	Primary Assembly	Un			DS483840.1	Chromosome	NW_001845129.1	unplaced-scaffold	4573	chrUn_DS483840v1		211000022279344
GCA_000001215.4	Primary Assembly	Un			DS483841.1	Chromosome	NW_001845130.1	unplaced-scaffold	4553	chrUn_DS483841v1		211000022279701
GCA_000001215.4	Primary Assembly	Un			DS483844.1	Chromosome	NW_001845133.1	unplaced-scaffold	4471	chrUn_DS483844v1		211000022280457
GCA_000001215.4	Primary Assembly	Un			DS483845.1	Chromosome	NW_001845134.1	unplaced-scaffold	4465	chrUn_DS483845v1		211000022278926
GCA_000001215.4	Primary Assembly	Un			DS483846.1	Chromosome	NW_001845135.1	unplaced-scaffold	4452	chrUn_DS483846v1		211000022280743
GCA_000001215.4	Primary Assembly	Un			DS483848.1	Chromosome	NW_001845137.1	unplaced-scaffold	4436	chrUn_DS483848v1		211000022279389
GCA_000001215.4	Primary Assembly	Un			DS483849.1	Chromosome	NW_001845138.1	unplaced-scaffold	4400	chrUn_DS483849v1		211000022278765
GCA_000001215.4	Primary Assembly	Un			DS483853.1	Chromosome	NW_001845142.1	unplaced-scaffold	4381	chrUn_DS483853v1		211000022279463
GCA_000001215.4	Primary Assembly	Un			DS483854.1	Chromosome	NW_001845143.1	unplaced-scaffold	4378	chrUn_DS483854v1		211000022280128
GCA_000001215.4	Primary Assembly	Un			DS483855.1	Chromosome	NW_001845144.1	unplaced-scaffold	4377	chrUn_DS483855v1		211000022279091
GCA_000001215.4	Primary Assembly	Un			DS483856.1	Chromosome	NW_001845145.1	unplaced-scaffold	4370	chrUn_DS483856v1		211000022279396
GCA_000001215.4	Primary Assembly	Un			DS483858.1	Chromosome	NW_001845147.1	unplaced-scaffold	4361	chrUn_DS483858v1		211000022279940
GCA_000001215.4	Primary Assembly	Un			DS483859.1	Chromosome	NW_001845148.1	unplaced-scaffold	4336	chrUn_DS483859v1		211000022280516
GCA_000001215.4	Primary Assembly	Un			DS483861.1	Chromosome	NW_001845150.1	unplaced-scaffold	4310	chrUn_DS483861v1		211000022280671
GCA_000001215.4	Primary Assembly	Un			DS483862.1	Chromosome	NW_001845151.1	unplaced-scaffold	4310	chrUn_DS483862v1		211000022279887
GCA_000001215.4	Primary Assembly	Un			DS483863.1	Chromosome	NW_001845152.1	unplaced-scaffold	4305	chrUn_DS483863v1		211000022280283
GCA_000001215.4	Primary Assembly	Un			DS483864.1	Chromosome	NW_001845153.1	unplaced-scaffold	4295	chrUn_DS483864v1		211000022278723
GCA_000001215.4	Primary Assembly	Un			DS483865.1	Chromosome	NW_001845154.1	unplaced-scaffold	4289	chrUn_DS483865v1		211000022280473
GCA_000001215.4	Primary Assembly	Un			DS483866.1	Chromosome	NW_001845155.1	unplaced-scaffold	4273	chrUn_DS483866v1		211000022280202
GCA_000001215.4	Primary Assembly	Un			DS483867.1	Chromosome	NW_001845156.1	unplaced-scaffold	4272	chrUn_DS483867v1		211000022279855
GCA_000001215.4	Primary Assembly	Un			DS483868.1	Chromosome	NW_001845157.1	unplaced-scaffold	4256	chrUn_DS483868v1		211000022280068
GCA_000001215.4	Primary Assembly	Un			DS483870.1	Chromosome	NW_001845159.1	unplaced-scaffold	4231	chrUn_DS483870v1		211000022280002
GCA_000001215.4	Primary Assembly	Un			DS483871.1	Chromosome	NW_001845160.1	unplaced-scaffold	4225	chrUn_DS483871v1		211000022278966
GCA_000001215.4	Primary Assembly	Un			DS483872.1	Chromosome	NW_001845161.1	unplaced-scaffold	4222	chrUn_DS483872v1		211000022279667
GCA_000001215.4	Primary Assembly	Un			DS483873.1	Chromosome	NW_001845162.1	unplaced-scaffold	4222	chrUn_DS483873v1		211000022278089
GCA_000001215.4	Primary Assembly	Un			DS483874.1	Chromosome	NW_001845163.1	unplaced-scaffold	4202	chrUn_DS483874v1		211000022280762
GCA_000001215.4	Primary Assembly	Un			DS483876.1	Chromosome	NW_001845165.1	unplaced-scaffold	4188	chrUn_DS483876v1		211000022279052
GCA_000001215.4	Primary Assembly	Un			DS483877.1	Chromosome	NW_001845166.1	unplaced-scaffold	4183	chrUn_DS483877v1		211000022278351
GCA_000001215.4	Primary Assembly	Un			DS483878.1	Chromosome	NW_001845167.1	unplaced-scaffold	4182	chrUn_DS483878v1		211000022280508
GCA_000001215.4	Primary Assembly	Un			DS483879.1	Chromosome	NW_001845168.1	unplaced-scaffold	4163	chrUn_DS483879v1		211000022278372
GCA_000001215.4	Primary Assembly	Un			DS483880.1	Chromosome	NW_001845169.1	unplaced-scaffold	4150	chrUn_DS483880v1		211000022280653
GCA_000001215.4	Primary Assembly	Un			DS483881.1	Chromosome	NW_001845170.1	unplaced-scaffold	4135	chrUn_DS483881v1		211000022280560
GCA_000001215.4	Primary Assembly	Un			DS483886.1	Chromosome	NW_001845175.1	unplaced-scaffold	4081	chrUn_DS483886v1		211000022280098
GCA_000001215.4	Primary Assembly	Un			DS483891.1	Chromosome	NW_001845180.1	unplaced-scaffold	4030	chrUn_DS483891v1		211000022280110
GCA_000001215.4	Primary Assembly	Un			DS483895.1	Chromosome	NW_001845184.1	unplaced-scaffold	4006	chrUn_DS483895v1		211000022280448
GCA_000001215.4	Primary Assembly	Un			DS483896.1	Chromosome	NW_001845185.1	unplaced-scaffold	3991	chrUn_DS483896v1		211000022280623
GCA_000001215.4	Primary Assembly	Un			DS483898.1	Chromosome	NW_001845187.1	unplaced-scaffold	3970	chrUn_DS483898v1		211000022280446
GCA_000001215.4	Primary Assembly	Un			DS483899.1	Chromosome	NW_001845188.1	unplaced-scaffold	3964	chrUn_DS483899v1		211000022280305
GCA_000001215.4	Primary Assembly	Un			DS483900.1	Chromosome	NW_001845189.1	unplaced-scaffold	3960	chrUn_DS483900v1		211000022280684
GCA_000001215.4	Primary Assembly	Un			DS483901.1	Chromosome	NW_001845190.1	unplaced-scaffold	3950	chrUn_DS483901v1		211000022278675
GCA_000001215.4	Primary Assembly	Un			DS483904.1	Chromosome	NW_001845193.1	unplaced-scaffold	3932	chrUn_DS483904v1		211000022280032
GCA_000001215.4	Primary Assembly	Un			DS483906.1	Chromosome	NW_001845195.1	unplaced-scaffold	3924	chrUn_DS483906v1		211000022278100
GCA_000001215.4	Primary Assembly	Un			DS483908.1	Chromosome	NW_001845197.1	unplaced-scaffold	3913	chrUn_DS483908v1		211000022279372
GCA_000001215.4	Primary Assembly	Un			DS483910.1	Chromosome	NW_001845199.1	unplaced-scaffold	3906	chrUn_DS483910v1		211000022280703
GCA_000001215.4	Primary Assembly	Un			DS483913.1	Chromosome	NW_001845202.1	unplaced-scaffold	3871	chrUn_DS483913v1		211000022279750
GCA_000001215.4	Primary Assembly	Un			DS483914.1	Chromosome	NW_001845203.1	unplaced-scaffold	3864	chrUn_DS483914v1		211000022278945
GCA_000001215.4	Primary Assembly	Un			DS483915.1	Chromosome	NW_001845204.1	unplaced-scaffold	3858	chrUn_DS483915v1		211000022279675
GCA_000001215.4	Primary Assembly	Un			DS483918.1	Chromosome	NW_001845207.1	unplaced-scaffold	3818	chrUn_DS483918v1		211000022280498
GCA_000001215.4	Primary Assembly	Un			DS483919.1	Chromosome	NW_001845208.1	unplaced-scaffold	3807	chrUn_DS483919v1		211000022279243
GCA_000001215.4	Primary Assembly	Un			DS483920.1	Chromosome	NW_001845209.1	unplaced-scaffold	3806	chrUn_DS483920v1		211000022279743
GCA_000001215.4	Primary Assembly	Un			DS483921.1	Chromosome	NW_001845210.1	unplaced-scaffold	3806	chrUn_DS483921v1		211000022278195
GCA_000001215.4	Primary Assembly	Un			DS483925.1	Chromosome	NW_001845214.1	unplaced-scaffold	3755	chrUn_DS483925v1		211000022280471
GCA_000001215.4	Primary Assembly	Un			DS483927.1	Chromosome	NW_001845216.1	unplaced-scaffold	3737	chrUn_DS483927v1		211000022280551
GCA_000001215.4	Primary Assembly	Un			DS483929.1	Chromosome	NW_001845218.1	unplaced-scaffold	3717	chrUn_DS483929v1		211000022280455
GCA_000001215.4	Primary Assembly	Un			DS483930.1	Chromosome	NW_001845219.1	unplaced-scaffold	3716	chrUn_DS483930v1		211000022279477
GCA_000001215.4	Primary Assembly	Un			DS483933.1	Chromosome	NW_001845222.1	unplaced-scaffold	3708	chrUn_DS483933v1		211000022278697
GCA_000001215.4	Primary Assembly	Un			DS483936.1	Chromosome	NW_001845225.1	unplaced-scaffold	3681	chrUn_DS483936v1		211000022278602
GCA_000001215.4	Primary Assembly	Un			DS483937.1	Chromosome	NW_001845226.1	unplaced-scaffold	3660	chrUn_DS483937v1		211000022280606
GCA_000001215.4	Primary Assembly	Un			DS483938.1	Chromosome	NW_001845227.1	unplaced-scaffold	3650	chrUn_DS483938v1		211000022278392
GCA_000001215.4	Primary Assembly	Un			DS483939.1	Chromosome	NW_001845228.1	unplaced-scaffold	3649	chrUn_DS483939v1		211000022279844
GCA_000001215.4	Primary Assembly	Un			DS483940.1	Chromosome	NW_001845229.1	unplaced-scaffold	3648	chrUn_DS483940v1		211000022278611
GCA_000001215.4	Primary Assembly	Un			DS483941.1	Chromosome	NW_001845230.1	unplaced-scaffold	3646	chrUn_DS483941v1		211000022280565
GCA_000001215.4	Primary Assembly	Un			DS483943.1	Chromosome	NW_001845232.1	unplaced-scaffold	3638	chrUn_DS483943v1		211000022280463
GCA_000001215.4	Primary Assembly	Un			DS483944.1	Chromosome	NW_001845233.1	unplaced-scaffold	3622	chrUn_DS483944v1		211000022279370
GCA_000001215.4	Primary Assembly	Un			DS483945.1	Chromosome	NW_001845234.1	unplaced-scaffold	3622	chrUn_DS483945v1		211000022280026
GCA_000001215.4	Primary Assembly	Un			DS483947.1	Chromosome	NW_001845236.1	unplaced-scaffold	3603	chrUn_DS483947v1		211000022280522
GCA_000001215.4	Primary Assembly	Un			DS483949.1	Chromosome	NW_001845238.1	unplaced-scaffold	3593	chrUn_DS483949v1		211000022280562
GCA_000001215.4	Primary Assembly	Un			DS483951.1	Chromosome	NW_001845240.1	unplaced-scaffold	3574	chrUn_DS483951v1		211000022280654
GCA_000001215.4	Primary Assembly	Un			DS483953.1	Chromosome	NW_001845242.1	unplaced-scaffold	3557	chrUn_DS483953v1		211000022279961
GCA_000001215.4	Primary Assembly	Un			DS483954.1	Chromosome	NW_001845243.1	unplaced-scaffold	3554	chrUn_DS483954v1		211000022280525
GCA_000001215.4	Primary Assembly	Un			DS483956.1	Chromosome	NW_001845245.1	unplaced-scaffold	3553	chrUn_DS483956v1		211000022280127
GCA_000001215.4	Primary Assembly	Un			DS483957.1	Chromosome	NW_001845246.1	unplaced-scaffold	3553	chrUn_DS483957v1		211000022278396
GCA_000001215.4	Primary Assembly	Un			DS483960.1	Chromosome	NW_001845249.1	unplaced-scaffold	3527	chrUn_DS483960v1		211000022280692
GCA_000001215.4	Primary Assembly	Un			DS483961.1	Chromosome	NW_001845250.1	unplaced-scaffold	3527	chrUn_DS483961v1		211000022279945
GCA_000001215.4	Primary Assembly	Un			DS483964.1	Chromosome	NW_001845253.1	unplaced-scaffold	3519	chrUn_DS483964v1		211000022280156
GCA_000001215.4	Primary Assembly	Un			DS483965.1	Chromosome	NW_001845254.1	unplaced-scaffold	3503	chrUn_DS483965v1		211000022279613
GCA_000001215.4	Primary Assembly	Un			DS483970.1	Chromosome	NW_001845259.1	unplaced-scaffold	3490	chrUn_DS483970v1		211000022279229
GCA_000001215.4	Primary Assembly	Un			DS483972.1	Chromosome	NW_001845261.1	unplaced-scaffold	3477	chrUn_DS483972v1		211000022278768
GCA_000001215.4	Primary Assembly	Un			DS483975.1	Chromosome	NW_001845264.1	unplaced-scaffold	3466	chrUn_DS483975v1		211000022279812
GCA_000001215.4	Primary Assembly	Un			DS483976.1	Chromosome	NW_001845265.1	unplaced-scaffold	3463	chrUn_DS483976v1		211000022278203
GCA_000001215.4	Primary Assembly	Un			DS483977.1	Chromosome	NW_001845266.1	unplaced-scaffold	3458	chrUn_DS483977v1		211000022278312
GCA_000001215.4	Primary Assembly	Un			DS483979.1	Chromosome	NW_001845268.1	unplaced-scaffold	3434	chrUn_DS483979v1		211000022279431
GCA_000001215.4	Primary Assembly	Un			DS483982.1	Chromosome	NW_001845271.1	unplaced-scaffold	3402	chrUn_DS483982v1		211000022280533
GCA_000001215.4	Primary Assembly	Un			DS483983.1	Chromosome	NW_001845272.1	unplaced-scaffold	3396	chrUn_DS483983v1		211000022280335
GCA_000001215.4	Primary Assembly	Un			DS483985.1	Chromosome	NW_001845274.1	unplaced-scaffold	3389	chrUn_DS483985v1		211000022280566
GCA_000001215.4	Primary Assembly	Un			DS483986.1	Chromosome	NW_001845275.1	unplaced-scaffold	3386	chrUn_DS483986v1		211000022280556
GCA_000001215.4	Primary Assembly	Un			DS483989.1	Chromosome	NW_001845278.1	unplaced-scaffold	3373	chrUn_DS483989v1		211000022279877
GCA_000001215.4	Primary Assembly	Un			DS483992.1	Chromosome	NW_001845281.1	unplaced-scaffold	3365	chrUn_DS483992v1		211000022280554
GCA_000001215.4	Primary Assembly	Un			DS483994.1	Chromosome	NW_001845283.1	unplaced-scaffold	3348	chrUn_DS483994v1		211000022280295
GCA_000001215.4	Primary Assembly	Un			DS483998.1	Chromosome	NW_001845287.1	unplaced-scaffold	3313	chrUn_DS483998v1		211000022280570
GCA_000001215.4	Primary Assembly	Un			DS483999.1	Chromosome	NW_001845288.1	unplaced-scaffold	3308	chrUn_DS483999v1		211000022280595
GCA_000001215.4	Primary Assembly	Un			DS484000.1	Chromosome	NW_001845289.1	unplaced-scaffold	3302	chrUn_DS484000v1		211000022280564
GCA_000001215.4	Primary Assembly	Un			DS484001.1	Chromosome	NW_001845290.1	unplaced-scaffold	3299	chrUn_DS484001v1		211000022280255
GCA_000001215.4	Primary Assembly	Un			DS484003.1	Chromosome	NW_001845292.1	unplaced-scaffold	3284	chrUn_DS484003v1		211000022279606
GCA_000001215.4	Primary Assembly	Un			DS484004.1	Chromosome	NW_001845293.1	unplaced-scaffold	3277	chrUn_DS484004v1		211000022280105
GCA_000001215.4	Primary Assembly	Un			DS484006.1	Chromosome	NW_001845295.1	unplaced-scaffold	3268	chrUn_DS484006v1		211000022280524
GCA_000001215.4	Primary Assembly	Un			DS484007.1	Chromosome	NW_001845296.1	unplaced-scaffold	3262	chrUn_DS484007v1		211000022280440
GCA_000001215.4	Primary Assembly	Un			DS484009.1	Chromosome	NW_001845298.1	unplaced-scaffold	3259	chrUn_DS484009v1		211000022280687
GCA_000001215.4	Primary Assembly	Un			DS484010.1	Chromosome	NW_001845299.1	unplaced-scaffold	3259	chrUn_DS484010v1		211000022280480
GCA_000001215.4	Primary Assembly	Un			DS484013.1	Chromosome	NW_001845302.1	unplaced-scaffold	3252	chrUn_DS484013v1		211000022280296
GCA_000001215.4	Primary Assembly	Un			DS484015.1	Chromosome	NW_001845304.1	unplaced-scaffold	3234	chrUn_DS484015v1		211000022280115
GCA_000001215.4	Primary Assembly	Un			DS484017.1	Chromosome	NW_001845306.1	unplaced-scaffold	3227	chrUn_DS484017v1		211000022279953
GCA_000001215.4	Primary Assembly	Un			DS484018.1	Chromosome	NW_001845307.1	unplaced-scaffold	3223	chrUn_DS484018v1		211000022280588
GCA_000001215.4	Primary Assembly	Un			DS484020.1	Chromosome	NW_001845309.1	unplaced-scaffold	3218	chrUn_DS484020v1		211000022279982
GCA_000001215.4	Primary Assembly	Un			DS484022.1	Chromosome	NW_001845311.1	unplaced-scaffold	3209	chrUn_DS484022v1		211000022280008
GCA_000001215.4	Primary Assembly	Un			DS484025.1	Chromosome	NW_001845314.1	unplaced-scaffold	3201	chrUn_DS484025v1		211000022279394
GCA_000001215.4	Primary Assembly	Un			DS484027.1	Chromosome	NW_001845316.1	unplaced-scaffold	3197	chrUn_DS484027v1		211000022279265
GCA_000001215.4	Primary Assembly	Un			DS484028.1	Chromosome	NW_001845317.1	unplaced-scaffold	3196	chrUn_DS484028v1		211000022279284
GCA_000001215.4	Primary Assembly	Un			DS484031.1	Chromosome	NW_001845320.1	unplaced-scaffold	3190	chrUn_DS484031v1		211000022280557
GCA_000001215.4	Primary Assembly	Un			DS484036.1	Chromosome	NW_001845325.1	unplaced-scaffold	3174	chrUn_DS484036v1		211000022280555
GCA_000001215.4	Primary Assembly	Un			DS484038.1	Chromosome	NW_001845327.1	unplaced-scaffold	3171	chrUn_DS484038v1		211000022280456
GCA_000001215.4	Primary Assembly	Un			DS484039.1	Chromosome	NW_001845328.1	unplaced-scaffold	3162	chrUn_DS484039v1		211000022278219
GCA_000001215.4	Primary Assembly	Un			DS484040.1	Chromosome	NW_001845329.1	unplaced-scaffold	3159	chrUn_DS484040v1		211000022278438
GCA_000001215.4	Primary Assembly	Un			DS484041.1	Chromosome	NW_001845330.1	unplaced-scaffold	3157	chrUn_DS484041v1		211000022279700
GCA_000001215.4	Primary Assembly	Un			DS484042.1	Chromosome	NW_001845331.1	unplaced-scaffold	3156	chrUn_DS484042v1		211000022279868
GCA_000001215.4	Primary Assembly	Un			DS484044.1	Chromosome	NW_001845333.1	unplaced-scaffold	3144	chrUn_DS484044v1		211000022280211
GCA_000001215.4	Primary Assembly	Un			DS484045.1	Chromosome	NW_001845334.1	unplaced-scaffold	3129	chrUn_DS484045v1		211000022280467
GCA_000001215.4	Primary Assembly	Un			DS484047.1	Chromosome	NW_001845336.1	unplaced-scaffold	3123	chrUn_DS484047v1		211000022279777
GCA_000001215.4	Primary Assembly	Un			DS484048.1	Chromosome	NW_001845337.1	unplaced-scaffold	3120	chrUn_DS484048v1		211000022279169
GCA_000001215.4	Primary Assembly	Un			DS484050.1	Chromosome	NW_001845339.1	unplaced-scaffold	3100	chrUn_DS484050v1		211000022278398
GCA_000001215.4	Primary Assembly	Un			DS484052.1	Chromosome	NW_001845341.1	unplaced-scaffold	3089	chrUn_DS484052v1		211000022278280
GCA_000001215.4	Primary Assembly	Un			DS484053.1	Chromosome	NW_001845342.1	unplaced-scaffold	3085	chrUn_DS484053v1		211000022280511
GCA_000001215.4	Primary Assembly	Un			DS484054.1	Chromosome	NW_001845343.1	unplaced-scaffold	3080	chrUn_DS484054v1		211000022278785
GCA_000001215.4	Primary Assembly	Un			DS484055.1	Chromosome	NW_001845344.1	unplaced-scaffold	3080	chrUn_DS484055v1		211000022280114
GCA_000001215.4	Primary Assembly	Un			DS484058.1	Chromosome	NW_001845347.1	unplaced-scaffold	3073	chrUn_DS484058v1		211000022278164
GCA_000001215.4	Primary Assembly	Un			DS484059.1	Chromosome	NW_001845348.1	unplaced-scaffold	3073	chrUn_DS484059v1		211000022279179
GCA_000001215.4	Primary Assembly	Un			DS484062.1	Chromosome	NW_001845351.1	unplaced-scaffold	3058	chrUn_DS484062v1		211000022279784
GCA_000001215.4	Primary Assembly	Un			DS484064.1	Chromosome	NW_001845353.1	unplaced-scaffold	3044	chrUn_DS484064v1		211000022280080
GCA_000001215.4	Primary Assembly	Un			DS484065.1	Chromosome	NW_001845354.1	unplaced-scaffold	3043	chrUn_DS484065v1		211000022280261
GCA_000001215.4	Primary Assembly	Un			DS484066.1	Chromosome	NW_001845355.1	unplaced-scaffold	3025	chrUn_DS484066v1		211000022280212
GCA_000001215.4	Primary Assembly	Un			DS484068.1	Chromosome	NW_001845357.1	unplaced-scaffold	3013	chrUn_DS484068v1		211000022280577
GCA_000001215.4	Primary Assembly	Un			DS484069.1	Chromosome	NW_001845358.1	unplaced-scaffold	3010	chrUn_DS484069v1		211000022278581
GCA_000001215.4	Primary Assembly	Un			DS484070.1	Chromosome	NW_001845359.1	unplaced-scaffold	3009	chrUn_DS484070v1		211000022280093
GCA_000001215.4	Primary Assembly	Un			DS484073.1	Chromosome	NW_001845362.1	unplaced-scaffold	2999	chrUn_DS484073v1		211000022278395
GCA_000001215.4	Primary Assembly	Un			DS484076.1	Chromosome	NW_001845365.1	unplaced-scaffold	2991	chrUn_DS484076v1		211000022278744
GCA_000001215.4	Primary Assembly	Un			DS484077.1	Chromosome	NW_001845366.1	unplaced-scaffold	2984	chrUn_DS484077v1		211000022278883
GCA_000001215.4	Primary Assembly	Un			DS484078.1	Chromosome	NW_001845367.1	unplaced-scaffold	2982	chrUn_DS484078v1		211000022280086
GCA_000001215.4	Primary Assembly	Un			DS484079.1	Chromosome	NW_001845368.1	unplaced-scaffold	2982	chrUn_DS484079v1		211000022280260
GCA_000001215.4	Primary Assembly	Un			DS484080.1	Chromosome	NW_001845369.1	unplaced-scaffold	2971	chrUn_DS484080v1		211000022279837
GCA_000001215.4	Primary Assembly	Un			DS484083.1	Chromosome	NW_001845372.1	unplaced-scaffold	2957	chrUn_DS484083v1		211000022279761
GCA_000001215.4	Primary Assembly	Un			DS484086.1	Chromosome	NW_001845375.1	unplaced-scaffold	2943	chrUn_DS484086v1		211000022280035
GCA_000001215.4	Primary Assembly	Un			DS484087.1	Chromosome	NW_001845376.1	unplaced-scaffold	2937	chrUn_DS484087v1		211000022279239
GCA_000001215.4	Primary Assembly	Un			DS484089.1	Chromosome	NW_001845378.1	unplaced-scaffold	2928	chrUn_DS484089v1		211000022280037
GCA_000001215.4	Primary Assembly	Un			DS484090.1	Chromosome	NW_001845379.1	unplaced-scaffold	2927	chrUn_DS484090v1		211000022280474
GCA_000001215.4	Primary Assembly	Un			DS484091.1	Chromosome	NW_001845380.1	unplaced-scaffold	2926	chrUn_DS484091v1		211000022280316
GCA_000001215.4	Primary Assembly	Un			DS484092.1	Chromosome	NW_001845381.1	unplaced-scaffold	2924	chrUn_DS484092v1		211000022280536
GCA_000001215.4	Primary Assembly	Un			DS484093.1	Chromosome	NW_001845382.1	unplaced-scaffold	2922	chrUn_DS484093v1		211000022279442
GCA_000001215.4	Primary Assembly	Un			DS484095.1	Chromosome	NW_001845384.1	unplaced-scaffold	2919	chrUn_DS484095v1		211000022280544
GCA_000001215.4	Primary Assembly	Un			DS484096.1	Chromosome	NW_001845385.1	unplaced-scaffold	2916	chrUn_DS484096v1		211000022278554
GCA_000001215.4	Primary Assembly	Un			DS484097.1	Chromosome	NW_001845386.1	unplaced-scaffold	2914	chrUn_DS484097v1		211000022280251
GCA_000001215.4	Primary Assembly	Un			DS484098.1	Chromosome	NW_001845387.1	unplaced-scaffold	2911	chrUn_DS484098v1		211000022279488
GCA_000001215.4	Primary Assembly	Un			DS484100.1	Chromosome	NW_001845389.1	unplaced-scaffold	2905	chrUn_DS484100v1		211000022278378
GCA_000001215.4	Primary Assembly	Un			DS484102.1	Chromosome	NW_001845391.1	unplaced-scaffold	2903	chrUn_DS484102v1		211000022278952
GCA_000001215.4	Primary Assembly	Un			DS484104.1	Chromosome	NW_001845393.1	unplaced-scaffold	2893	chrUn_DS484104v1		211000022280272
GCA_000001215.4	Primary Assembly	Un			DS484105.1	Chromosome	NW_001845394.1	unplaced-scaffold	2889	chrUn_DS484105v1		211000022280010
GCA_000001215.4	Primary Assembly	Un			DS484106.1	Chromosome	NW_001845395.1	unplaced-scaffold	2884	chrUn_DS484106v1		211000022279061
GCA_000001215.4	Primary Assembly	Un			DS484107.1	Chromosome	NW_001845396.1	unplaced-scaffold	2882	chrUn_DS484107v1		211000022280205
GCA_000001215.4	Primary Assembly	Un			DS484108.1	Chromosome	NW_001845397.1	unplaced-scaffold	2882	chrUn_DS484108v1		211000022280311
GCA_000001215.4	Primary Assembly	Un			DS484109.1	Chromosome	NW_001845398.1	unplaced-scaffold	2882	chrUn_DS484109v1		211000022280012
GCA_000001215.4	Primary Assembly	Un			DS484111.1	Chromosome	NW_001845400.1	unplaced-scaffold	2881	chrUn_DS484111v1		211000022279021
GCA_000001215.4	Primary Assembly	Un			DS484113.1	Chromosome	NW_001845402.1	unplaced-scaffold	2876	chrUn_DS484113v1		211000022280610
GCA_000001215.4	Primary Assembly	Un			DS484116.1	Chromosome	NW_001845405.1	unplaced-scaffold	2860	chrUn_DS484116v1		211000022280227
GCA_000001215.4	Primary Assembly	Un			DS484117.1	Chromosome	NW_001845406.1	unplaced-scaffold	2860	chrUn_DS484117v1		211000022279867
GCA_000001215.4	Primary Assembly	Un			DS484118.1	Chromosome	NW_001845407.1	unplaced-scaffold	2858	chrUn_DS484118v1		211000022279288
GCA_000001215.4	Primary Assembly	Un			DS484120.1	Chromosome	NW_001845409.1	unplaced-scaffold	2855	chrUn_DS484120v1		211000022280333
GCA_000001215.4	Primary Assembly	Un			DS484122.1	Chromosome	NW_001845411.1	unplaced-scaffold	2849	chrUn_DS484122v1		211000022278404
GCA_000001215.4	Primary Assembly	Un			DS484123.1	Chromosome	NW_001845412.1	unplaced-scaffold	2848	chrUn_DS484123v1		211000022280436
GCA_000001215.4	Primary Assembly	Un			DS484134.1	Chromosome	NW_001845423.1	unplaced-scaffold	2828	chrUn_DS484134v1		211000022280501
GCA_000001215.4	Primary Assembly	Un			DS484138.1	Chromosome	NW_001845427.1	unplaced-scaffold	2822	chrUn_DS484138v1		211000022279964
GCA_000001215.4	Primary Assembly	Un			DS484139.1	Chromosome	NW_001845428.1	unplaced-scaffold	2820	chrUn_DS484139v1		211000022278098
GCA_000001215.4	Primary Assembly	Un			DS484144.1	Chromosome	NW_001845433.1	unplaced-scaffold	2811	chrUn_DS484144v1		211000022280469
GCA_000001215.4	Primary Assembly	Un			DS484145.1	Chromosome	NW_001845434.1	unplaced-scaffold	2804	chrUn_DS484145v1		211000022280340
GCA_000001215.4	Primary Assembly	Un			DS484147.1	Chromosome	NW_001845436.1	unplaced-scaffold	2796	chrUn_DS484147v1		211000022279948
GCA_000001215.4	Primary Assembly	Un			DS484148.1	Chromosome	NW_001845437.1	unplaced-scaffold	2795	chrUn_DS484148v1		211000022279521
GCA_000001215.4	Primary Assembly	Un			DS484149.1	Chromosome	NW_001845438.1	unplaced-scaffold	2795	chrUn_DS484149v1		211000022279416
GCA_000001215.4	Primary Assembly	Un			DS484151.1	Chromosome	NW_001845440.1	unplaced-scaffold	2794	chrUn_DS484151v1		211000022280214
GCA_000001215.4	Primary Assembly	Un			DS484152.1	Chromosome	NW_001845441.1	unplaced-scaffold	2793	chrUn_DS484152v1		211000022278975
GCA_000001215.4	Primary Assembly	Un			DS484153.1	Chromosome	NW_001845442.1	unplaced-scaffold	2793	chrUn_DS484153v1		211000022279746
GCA_000001215.4	Primary Assembly	Un			DS484154.1	Chromosome	NW_001845443.1	unplaced-scaffold	2791	chrUn_DS484154v1		211000022278923
GCA_000001215.4	Primary Assembly	Un			DS484155.1	Chromosome	NW_001845444.1	unplaced-scaffold	2790	chrUn_DS484155v1		211000022279311
GCA_000001215.4	Primary Assembly	Un			DS484156.1	Chromosome	NW_001845445.1	unplaced-scaffold	2788	chrUn_DS484156v1		211000022279623
GCA_000001215.4	Primary Assembly	Un			DS484157.1	Chromosome	NW_001845446.1	unplaced-scaffold	2787	chrUn_DS484157v1		211000022279527
GCA_000001215.4	Primary Assembly	Un			DS484159.1	Chromosome	NW_001845448.1	unplaced-scaffold	2784	chrUn_DS484159v1		211000022280171
GCA_000001215.4	Primary Assembly	Un			DS484160.1	Chromosome	NW_001845449.1	unplaced-scaffold	2783	chrUn_DS484160v1		211000022278794
GCA_000001215.4	Primary Assembly	Un			DS484167.1	Chromosome	NW_001845456.1	unplaced-scaffold	2745	chrUn_DS484167v1		211000022280497
GCA_000001215.4	Primary Assembly	Un			DS484168.1	Chromosome	NW_001845457.1	unplaced-scaffold	2744	chrUn_DS484168v1		211000022278440
GCA_000001215.4	Primary Assembly	Un			DS484169.1	Chromosome	NW_001845458.1	unplaced-scaffold	2736	chrUn_DS484169v1		211000022279562
GCA_000001215.4	Primary Assembly	Un			DS484170.1	Chromosome	NW_001845459.1	unplaced-scaffold	2733	chrUn_DS484170v1		211000022278790
GCA_000001215.4	Primary Assembly	Un			DS484176.1	Chromosome	NW_001845465.1	unplaced-scaffold	2708	chrUn_DS484176v1		211000022280707
GCA_000001215.4	Primary Assembly	Un			DS484177.1	Chromosome	NW_001845466.1	unplaced-scaffold	2703	chrUn_DS484177v1		211000022279911
GCA_000001215.4	Primary Assembly	Un			DS484180.1	Chromosome	NW_001845469.1	unplaced-scaffold	2697	chrUn_DS484180v1		211000022278421
GCA_000001215.4	Primary Assembly	Un			DS484183.1	Chromosome	NW_001845472.1	unplaced-scaffold	2688	chrUn_DS484183v1		211000022279653
GCA_000001215.4	Primary Assembly	Un			DS484188.1	Chromosome	NW_001845477.1	unplaced-scaffold	2670	chrUn_DS484188v1		211000022279157
GCA_000001215.4	Primary Assembly	Un			DS484189.1	Chromosome	NW_001845478.1	unplaced-scaffold	2669	chrUn_DS484189v1		211000022279973
GCA_000001215.4	Primary Assembly	Un			DS484190.1	Chromosome	NW_001845479.1	unplaced-scaffold	2668	chrUn_DS484190v1		211000022278546
GCA_000001215.4	Primary Assembly	Un			DS484191.1	Chromosome	NW_001845480.1	unplaced-scaffold	2665	chrUn_DS484191v1		211000022278114
GCA_000001215.4	Primary Assembly	Un			DS484192.1	Chromosome	NW_001845481.1	unplaced-scaffold	2664	chrUn_DS484192v1		211000022280108
GCA_000001215.4	Primary Assembly	Un			DS484193.1	Chromosome	NW_001845482.1	unplaced-scaffold	2647	chrUn_DS484193v1		211000022279233
GCA_000001215.4	Primary Assembly	Un			DS484196.1	Chromosome	NW_001845485.1	unplaced-scaffold	2644	chrUn_DS484196v1		211000022280284
GCA_000001215.4	Primary Assembly	Un			DS484202.1	Chromosome	NW_001845491.1	unplaced-scaffold	2636	chrUn_DS484202v1		211000022278426
GCA_000001215.4	Primary Assembly	Un			DS484205.1	Chromosome	NW_001845494.1	unplaced-scaffold	2629	chrUn_DS484205v1		211000022279602
GCA_000001215.4	Primary Assembly	Un			DS484206.1	Chromosome	NW_001845495.1	unplaced-scaffold	2628	chrUn_DS484206v1		211000022280089
GCA_000001215.4	Primary Assembly	Un			DS484207.1	Chromosome	NW_001845496.1	unplaced-scaffold	2626	chrUn_DS484207v1		211000022278937
GCA_000001215.4	Primary Assembly	Un			DS484209.1	Chromosome	NW_001845498.1	unplaced-scaffold	2618	chrUn_DS484209v1		211000022280548
GCA_000001215.4	Primary Assembly	Un			DS484210.1	Chromosome	NW_001845499.1	unplaced-scaffold	2617	chrUn_DS484210v1		211000022278732
GCA_000001215.4	Primary Assembly	Un			DS484212.1	Chromosome	NW_001845501.1	unplaced-scaffold	2612	chrUn_DS484212v1		211000022280198
GCA_000001215.4	Primary Assembly	Un			DS484213.1	Chromosome	NW_001845502.1	unplaced-scaffold	2611	chrUn_DS484213v1		211000022280137
GCA_000001215.4	Primary Assembly	Un			DS484217.1	Chromosome	NW_001845506.1	unplaced-scaffold	2603	chrUn_DS484217v1		211000022280112
GCA_000001215.4	Primary Assembly	Un			DS484220.1	Chromosome	NW_001845509.1	unplaced-scaffold	2588	chrUn_DS484220v1		211000022279003
GCA_000001215.4	Primary Assembly	Un			DS484221.1	Chromosome	NW_001845510.1	unplaced-scaffold	2584	chrUn_DS484221v1		211000022280141
GCA_000001215.4	Primary Assembly	Un			DS484222.1	Chromosome	NW_001845511.1	unplaced-scaffold	2583	chrUn_DS484222v1		211000022280535
GCA_000001215.4	Primary Assembly	Un			DS484224.1	Chromosome	NW_001845513.1	unplaced-scaffold	2577	chrUn_DS484224v1		211000022280696
GCA_000001215.4	Primary Assembly	Un			DS484225.1	Chromosome	NW_001845514.1	unplaced-scaffold	2577	chrUn_DS484225v1		211000022280520
GCA_000001215.4	Primary Assembly	Un			DS484226.1	Chromosome	NW_001845515.1	unplaced-scaffold	2576	chrUn_DS484226v1		211000022278327
GCA_000001215.4	Primary Assembly	Un			DS484228.1	Chromosome	NW_001845517.1	unplaced-scaffold	2575	chrUn_DS484228v1		211000022279190
GCA_000001215.4	Primary Assembly	Un			DS484229.1	Chromosome	NW_001845518.1	unplaced-scaffold	2575	chrUn_DS484229v1		211000022278452
GCA_000001215.4	Primary Assembly	Un			DS484230.1	Chromosome	NW_001845519.1	unplaced-scaffold	2575	chrUn_DS484230v1		211000022280443
GCA_000001215.4	Primary Assembly	Un			DS484231.1	Chromosome	NW_001845520.1	unplaced-scaffold	2574	chrUn_DS484231v1		211000022279483
GCA_000001215.4	Primary Assembly	Un			DS484232.1	Chromosome	NW_001845521.1	unplaced-scaffold	2570	chrUn_DS484232v1		211000022278738
GCA_000001215.4	Primary Assembly	Un			DS484234.1	Chromosome	NW_001845523.1	unplaced-scaffold	2561	chrUn_DS484234v1		211000022280553
GCA_000001215.4	Primary Assembly	Un			DS484236.1	Chromosome	NW_001845525.1	unplaced-scaffold	2556	chrUn_DS484236v1		211000022279513
GCA_000001215.4	Primary Assembly	Un			DS484238.1	Chromosome	NW_001845527.1	unplaced-scaffold	2555	chrUn_DS484238v1		211000022279214
GCA_000001215.4	Primary Assembly	Un			DS484239.1	Chromosome	NW_001845528.1	unplaced-scaffold	2549	chrUn_DS484239v1		211000022279191
GCA_000001215.4	Primary Assembly	Un			DS484241.1	Chromosome	NW_001845530.1	unplaced-scaffold	2547	chrUn_DS484241v1		211000022279056
GCA_000001215.4	Primary Assembly	Un			DS484242.1	Chromosome	NW_001845531.1	unplaced-scaffold	2541	chrUn_DS484242v1		211000022280218
GCA_000001215.4	Primary Assembly	Un			DS484243.1	Chromosome	NW_001845532.1	unplaced-scaffold	2541	chrUn_DS484243v1		211000022278963
GCA_000001215.4	Primary Assembly	Un			DS484244.1	Chromosome	NW_001845533.1	unplaced-scaffold	2536	chrUn_DS484244v1		211000022279373
GCA_000001215.4	Primary Assembly	Un			DS484246.1	Chromosome	NW_001845535.1	unplaced-scaffold	2529	chrUn_DS484246v1		211000022279116
GCA_000001215.4	Primary Assembly	Un			DS484247.1	Chromosome	NW_001845536.1	unplaced-scaffold	2529	chrUn_DS484247v1		211000022280485
GCA_000001215.4	Primary Assembly	Un			DS484251.1	Chromosome	NW_001845540.1	unplaced-scaffold	2521	chrUn_DS484251v1		211000022278927
GCA_000001215.4	Primary Assembly	Un			DS484253.1	Chromosome	NW_001845542.1	unplaced-scaffold	2520	chrUn_DS484253v1		211000022279573
GCA_000001215.4	Primary Assembly	Un			DS484254.1	Chromosome	NW_001845543.1	unplaced-scaffold	2517	chrUn_DS484254v1		211000022279710
GCA_000001215.4	Primary Assembly	Un			DS484255.1	Chromosome	NW_001845544.1	unplaced-scaffold	2516	chrUn_DS484255v1		211000022279898
GCA_000001215.4	Primary Assembly	Un			DS484256.1	Chromosome	NW_001845545.1	unplaced-scaffold	2511	chrUn_DS484256v1		211000022280598
GCA_000001215.4	Primary Assembly	Un			DS484257.1	Chromosome	NW_001845546.1	unplaced-scaffold	2511	chrUn_DS484257v1		211000022278282
GCA_000001215.4	Primary Assembly	Un			DS484258.1	Chromosome	NW_001845547.1	unplaced-scaffold	2510	chrUn_DS484258v1		211000022279849
GCA_000001215.4	Primary Assembly	Un			DS484262.1	Chromosome	NW_001845551.1	unplaced-scaffold	2491	chrUn_DS484262v1		211000022278740
GCA_000001215.4	Primary Assembly	Un			DS484263.1	Chromosome	NW_001845552.1	unplaced-scaffold	2487	chrUn_DS484263v1		211000022279126
GCA_000001215.4	Primary Assembly	Un			DS484264.1	Chromosome	NW_001845553.1	unplaced-scaffold	2479	chrUn_DS484264v1		211000022280033
GCA_000001215.4	Primary Assembly	Un			DS484267.1	Chromosome	NW_001845556.1	unplaced-scaffold	2476	chrUn_DS484267v1		211000022279980
GCA_000001215.4	Primary Assembly	Un			DS484271.1	Chromosome	NW_001845560.1	unplaced-scaffold	2470	chrUn_DS484271v1		211000022279866
GCA_000001215.4	Primary Assembly	Un			DS484274.1	Chromosome	NW_001845563.1	unplaced-scaffold	2462	chrUn_DS484274v1		211000022279193
GCA_000001215.4	Primary Assembly	Un			DS484275.1	Chromosome	NW_001845564.1	unplaced-scaffold	2451	chrUn_DS484275v1		211000022278664
GCA_000001215.4	Primary Assembly	Un			DS484276.1	Chromosome	NW_001845565.1	unplaced-scaffold	2447	chrUn_DS484276v1		211000022279070
GCA_000001215.4	Primary Assembly	Un			DS484277.1	Chromosome	NW_001845566.1	unplaced-scaffold	2442	chrUn_DS484277v1		211000022278493
GCA_000001215.4	Primary Assembly	Un			DS484279.1	Chromosome	NW_001845568.1	unplaced-scaffold	2438	chrUn_DS484279v1		211000022279711
GCA_000001215.4	Primary Assembly	Un			DS484280.1	Chromosome	NW_001845569.1	unplaced-scaffold	2438	chrUn_DS484280v1		211000022280492
GCA_000001215.4	Primary Assembly	Un			DS484281.1	Chromosome	NW_001845570.1	unplaced-scaffold	2438	chrUn_DS484281v1		211000022279178
GCA_000001215.4	Primary Assembly	Un			DS484282.1	Chromosome	NW_001845571.1	unplaced-scaffold	2435	chrUn_DS484282v1		211000022278858
GCA_000001215.4	Primary Assembly	Un			DS484283.1	Chromosome	NW_001845572.1	unplaced-scaffold	2434	chrUn_DS484283v1		211000022279651
GCA_000001215.4	Primary Assembly	Un			DS484285.1	Chromosome	NW_001845574.1	unplaced-scaffold	2431	chrUn_DS484285v1		211000022279850
GCA_000001215.4	Primary Assembly	Un			DS484286.1	Chromosome	NW_001845575.1	unplaced-scaffold	2429	chrUn_DS484286v1		211000022279909
GCA_000001215.4	Primary Assembly	Un			DS484287.1	Chromosome	NW_001845576.1	unplaced-scaffold	2428	chrUn_DS484287v1		211000022279780
GCA_000001215.4	Primary Assembly	Un			DS484289.1	Chromosome	NW_001845578.1	unplaced-scaffold	2425	chrUn_DS484289v1		211000022280643
GCA_000001215.4	Primary Assembly	Un			DS484291.1	Chromosome	NW_001845580.1	unplaced-scaffold	2421	chrUn_DS484291v1		211000022279436
GCA_000001215.4	Primary Assembly	Un			DS484292.1	Chromosome	NW_001845581.1	unplaced-scaffold	2421	chrUn_DS484292v1		211000022280679
GCA_000001215.4	Primary Assembly	Un			DS484294.1	Chromosome	NW_001845583.1	unplaced-scaffold	2419	chrUn_DS484294v1		211000022280626
GCA_000001215.4	Primary Assembly	Un			DS484296.1	Chromosome	NW_001845585.1	unplaced-scaffold	2417	chrUn_DS484296v1		211000022280561
GCA_000001215.4	Primary Assembly	Un			DS484300.1	Chromosome	NW_001845589.1	unplaced-scaffold	2400	chrUn_DS484300v1		211000022279960
GCA_000001215.4	Primary Assembly	Un			DS484301.1	Chromosome	NW_001845590.1	unplaced-scaffold	2394	chrUn_DS484301v1		211000022279000
GCA_000001215.4	Primary Assembly	Un			DS484303.1	Chromosome	NW_001845592.1	unplaced-scaffold	2390	chrUn_DS484303v1		211000022278507
GCA_000001215.4	Primary Assembly	Un			DS484304.1	Chromosome	NW_001845593.1	unplaced-scaffold	2390	chrUn_DS484304v1		211000022278335
GCA_000001215.4	Primary Assembly	Un			DS484306.1	Chromosome	NW_001845595.1	unplaced-scaffold	2385	chrUn_DS484306v1		211000022280144
GCA_000001215.4	Primary Assembly	Un			DS484307.1	Chromosome	NW_001845596.1	unplaced-scaffold	2385	chrUn_DS484307v1		211000022279635
GCA_000001215.4	Primary Assembly	Un			DS484308.1	Chromosome	NW_001845597.1	unplaced-scaffold	2385	chrUn_DS484308v1		211000022280302
GCA_000001215.4	Primary Assembly	Un			DS484309.1	Chromosome	NW_001845598.1	unplaced-scaffold	2384	chrUn_DS484309v1		211000022278942
GCA_000001215.4	Primary Assembly	Un			DS484310.1	Chromosome	NW_001845599.1	unplaced-scaffold	2383	chrUn_DS484310v1		211000022279122
GCA_000001215.4	Primary Assembly	Un			DS484311.1	Chromosome	NW_001845600.1	unplaced-scaffold	2383	chrUn_DS484311v1		211000022278716
GCA_000001215.4	Primary Assembly	Un			DS484312.1	Chromosome	NW_001845601.1	unplaced-scaffold	2382	chrUn_DS484312v1		211000022279247
GCA_000001215.4	Primary Assembly	Un			DS484313.1	Chromosome	NW_001845602.1	unplaced-scaffold	2381	chrUn_DS484313v1		211000022278869
GCA_000001215.4	Primary Assembly	Un			DS484314.1	Chromosome	NW_001845603.1	unplaced-scaffold	2381	chrUn_DS484314v1		211000022279810
GCA_000001215.4	Primary Assembly	Un			DS484315.1	Chromosome	NW_001845604.1	unplaced-scaffold	2379	chrUn_DS484315v1		211000022279259
GCA_000001215.4	Primary Assembly	Un			DS484317.1	Chromosome	NW_001845606.1	unplaced-scaffold	2378	chrUn_DS484317v1		211000022280747
GCA_000001215.4	Primary Assembly	Un			DS484318.1	Chromosome	NW_001845607.1	unplaced-scaffold	2375	chrUn_DS484318v1		211000022280289
GCA_000001215.4	Primary Assembly	Un			DS484320.1	Chromosome	NW_001845609.1	unplaced-scaffold	2369	chrUn_DS484320v1		211000022279197
GCA_000001215.4	Primary Assembly	Un			DS484321.1	Chromosome	NW_001845610.1	unplaced-scaffold	2368	chrUn_DS484321v1		211000022280208
GCA_000001215.4	Primary Assembly	Un			DS484329.1	Chromosome	NW_001845618.1	unplaced-scaffold	2354	chrUn_DS484329v1		211000022278387
GCA_000001215.4	Primary Assembly	Un			DS484331.1	Chromosome	NW_001845620.1	unplaced-scaffold	2352	chrUn_DS484331v1		211000022279058
GCA_000001215.4	Primary Assembly	Un			DS484333.1	Chromosome	NW_001845622.1	unplaced-scaffold	2344	chrUn_DS484333v1		211000022278934
GCA_000001215.4	Primary Assembly	Un			DS484335.1	Chromosome	NW_001845624.1	unplaced-scaffold	2342	chrUn_DS484335v1		211000022280228
GCA_000001215.4	Primary Assembly	Un			DS484339.1	Chromosome	NW_001845628.1	unplaced-scaffold	2330	chrUn_DS484339v1		211000022278220
GCA_000001215.4	Primary Assembly	Un			DS484340.1	Chromosome	NW_001845629.1	unplaced-scaffold	2328	chrUn_DS484340v1		211000022279612
GCA_000001215.4	Primary Assembly	Un			DS484342.1	Chromosome	NW_001845631.1	unplaced-scaffold	2326	chrUn_DS484342v1		211000022279966
GCA_000001215.4	Primary Assembly	Un			DS484343.1	Chromosome	NW_001845632.1	unplaced-scaffold	2325	chrUn_DS484343v1		211000022280058
GCA_000001215.4	Primary Assembly	Un			DS484348.1	Chromosome	NW_001845637.1	unplaced-scaffold	2308	chrUn_DS484348v1		211000022279787
GCA_000001215.4	Primary Assembly	Un			DS484350.1	Chromosome	NW_001845639.1	unplaced-scaffold	2304	chrUn_DS484350v1		211000022278536
GCA_000001215.4	Primary Assembly	Un			DS484353.1	Chromosome	NW_001845642.1	unplaced-scaffold	2295	chrUn_DS484353v1		211000022280580
GCA_000001215.4	Primary Assembly	Un			DS484355.1	Chromosome	NW_001845644.1	unplaced-scaffold	2291	chrUn_DS484355v1		211000022279011
GCA_000001215.4	Primary Assembly	Un			DS484363.1	Chromosome	NW_001845652.1	unplaced-scaffold	2270	chrUn_DS484363v1		211000022280698
GCA_000001215.4	Primary Assembly	Un			DS484366.1	Chromosome	NW_001845655.1	unplaced-scaffold	2266	chrUn_DS484366v1		211000022278178
GCA_000001215.4	Primary Assembly	Un			DS484369.1	Chromosome	NW_001845658.1	unplaced-scaffold	2253	chrUn_DS484369v1		211000022278860
GCA_000001215.4	Primary Assembly	Un			DS484370.1	Chromosome	NW_001845659.1	unplaced-scaffold	2248	chrUn_DS484370v1		211000022279479
GCA_000001215.4	Primary Assembly	Un			DS484375.1	Chromosome	NW_001845664.1	unplaced-scaffold	2234	chrUn_DS484375v1		211000022280568
GCA_000001215.4	Primary Assembly	Un			DS484378.1	Chromosome	NW_001845667.1	unplaced-scaffold	2232	chrUn_DS484378v1		211000022279949
GCA_000001215.4	Primary Assembly	Un			DS484380.1	Chromosome	NW_001845669.1	unplaced-scaffold	2227	chrUn_DS484380v1		211000022278953
GCA_000001215.4	Primary Assembly	Un			DS484383.1	Chromosome	NW_001845672.1	unplaced-scaffold	2221	chrUn_DS484383v1		211000022278672
GCA_000001215.4	Primary Assembly	Un			DS484385.1	Chromosome	NW_001845674.1	unplaced-scaffold	2217	chrUn_DS484385v1		211000022279101
GCA_000001215.4	Primary Assembly	Un			DS484386.1	Chromosome	NW_001845675.1	unplaced-scaffold	2216	chrUn_DS484386v1		211000022280621
GCA_000001215.4	Primary Assembly	Un			DS484389.1	Chromosome	NW_001845678.1	unplaced-scaffold	2207	chrUn_DS484389v1		211000022279929
GCA_000001215.4	Primary Assembly	Un			DS484391.1	Chromosome	NW_001845680.1	unplaced-scaffold	2205	chrUn_DS484391v1		211000022280599
GCA_000001215.4	Primary Assembly	Un			DS484394.1	Chromosome	NW_001845683.1	unplaced-scaffold	2200	chrUn_DS484394v1		211000022278888
GCA_000001215.4	Primary Assembly	Un			DS484395.1	Chromosome	NW_001845684.1	unplaced-scaffold	2198	chrUn_DS484395v1		211000022280153
GCA_000001215.4	Primary Assembly	Un			DS484396.1	Chromosome	NW_001845685.1	unplaced-scaffold	2198	chrUn_DS484396v1		211000022279118
GCA_000001215.4	Primary Assembly	Un			DS484400.1	Chromosome	NW_001845689.1	unplaced-scaffold	2190	chrUn_DS484400v1		211000022279039
GCA_000001215.4	Primary Assembly	Un			DS484403.1	Chromosome	NW_001845692.1	unplaced-scaffold	2187	chrUn_DS484403v1		211000022279476
GCA_000001215.4	Primary Assembly	Un			DS484404.1	Chromosome	NW_001845693.1	unplaced-scaffold	2185	chrUn_DS484404v1		211000022278652
GCA_000001215.4	Primary Assembly	Un			DS484407.1	Chromosome	NW_001845696.1	unplaced-scaffold	2176	chrUn_DS484407v1		211000022278205
GCA_000001215.4	Primary Assembly	Un			DS484408.1	Chromosome	NW_001845697.1	unplaced-scaffold	2173	chrUn_DS484408v1		211000022280223
GCA_000001215.4	Primary Assembly	Un			DS484412.1	Chromosome	NW_001845701.1	unplaced-scaffold	2161	chrUn_DS484412v1		211000022280133
GCA_000001215.4	Primary Assembly	Un			DS484414.1	Chromosome	NW_001845703.1	unplaced-scaffold	2157	chrUn_DS484414v1		211000022280500
GCA_000001215.4	Primary Assembly	Un			DS484421.1	Chromosome	NW_001845710.1	unplaced-scaffold	2129	chrUn_DS484421v1		211000022280176
GCA_000001215.4	Primary Assembly	Un			DS484424.1	Chromosome	NW_001845713.1	unplaced-scaffold	2124	chrUn_DS484424v1		211000022280135
GCA_000001215.4	Primary Assembly	Un			DS484425.1	Chromosome	NW_001845714.1	unplaced-scaffold	2124	chrUn_DS484425v1		211000022279663
GCA_000001215.4	Primary Assembly	Un			DS484426.1	Chromosome	NW_001845715.1	unplaced-scaffold	2119	chrUn_DS484426v1		211000022280631
GCA_000001215.4	Primary Assembly	Un			DS484427.1	Chromosome	NW_001845716.1	unplaced-scaffold	2117	chrUn_DS484427v1		211000022279756
GCA_000001215.4	Primary Assembly	Un			DS484432.1	Chromosome	NW_001845721.1	unplaced-scaffold	2112	chrUn_DS484432v1		211000022280617
GCA_000001215.4	Primary Assembly	Un			DS484434.1	Chromosome	NW_001845723.1	unplaced-scaffold	2108	chrUn_DS484434v1		211000022280070
GCA_000001215.4	Primary Assembly	Un			DS484435.1	Chromosome	NW_001845724.1	unplaced-scaffold	2105	chrUn_DS484435v1		211000022279470
GCA_000001215.4	Primary Assembly	Un			DS484436.1	Chromosome	NW_001845725.1	unplaced-scaffold	2105	chrUn_DS484436v1		211000022278968
GCA_000001215.4	Primary Assembly	Un			DS484437.1	Chromosome	NW_001845726.1	unplaced-scaffold	2103	chrUn_DS484437v1		211000022279310
GCA_000001215.4	Primary Assembly	Un			DS484438.1	Chromosome	NW_001845727.1	unplaced-scaffold	2102	chrUn_DS484438v1		211000022279807
GCA_000001215.4	Primary Assembly	Un			DS484443.1	Chromosome	NW_001845732.1	unplaced-scaffold	2094	chrUn_DS484443v1		211000022278874
GCA_000001215.4	Primary Assembly	Un			DS484445.1	Chromosome	NW_001845734.1	unplaced-scaffold	2092	chrUn_DS484445v1		211000022279044
GCA_000001215.4	Primary Assembly	Un			DS484446.1	Chromosome	NW_001845735.1	unplaced-scaffold	2090	chrUn_DS484446v1		211000022278206
GCA_000001215.4	Primary Assembly	Un			DS484448.1	Chromosome	NW_001845737.1	unplaced-scaffold	2088	chrUn_DS484448v1		211000022278138
GCA_000001215.4	Primary Assembly	Un			DS484449.1	Chromosome	NW_001845738.1	unplaced-scaffold	2087	chrUn_DS484449v1		211000022279804
GCA_000001215.4	Primary Assembly	Un			DS484452.1	Chromosome	NW_001845741.1	unplaced-scaffold	2086	chrUn_DS484452v1		211000022278522
GCA_000001215.4	Primary Assembly	Un			DS484454.1	Chromosome	NW_001845743.1	unplaced-scaffold	2084	chrUn_DS484454v1		211000022278711
GCA_000001215.4	Primary Assembly	Un			DS484456.1	Chromosome	NW_001845745.1	unplaced-scaffold	2081	chrUn_DS484456v1		211000022278919
GCA_000001215.4	Primary Assembly	Un			DS484458.1	Chromosome	NW_001845747.1	unplaced-scaffold	2079	chrUn_DS484458v1		211000022279942
GCA_000001215.4	Primary Assembly	Un			DS484460.1	Chromosome	NW_001845749.1	unplaced-scaffold	2076	chrUn_DS484460v1		211000022278216
GCA_000001215.4	Primary Assembly	Un			DS484463.1	Chromosome	NW_001845752.1	unplaced-scaffold	2064	chrUn_DS484463v1		211000022279641
GCA_000001215.4	Primary Assembly	Un			DS484464.1	Chromosome	NW_001845753.1	unplaced-scaffold	2063	chrUn_DS484464v1		211000022280294
GCA_000001215.4	Primary Assembly	Un			DS484466.1	Chromosome	NW_001845755.1	unplaced-scaffold	2062	chrUn_DS484466v1		211000022280143
GCA_000001215.4	Primary Assembly	Un			DS484467.1	Chromosome	NW_001845756.1	unplaced-scaffold	2060	chrUn_DS484467v1		211000022279517
GCA_000001215.4	Primary Assembly	Un			DS484469.1	Chromosome	NW_001845758.1	unplaced-scaffold	2060	chrUn_DS484469v1		211000022279096
GCA_000001215.4	Primary Assembly	Un			DS484470.1	Chromosome	NW_001845759.1	unplaced-scaffold	2059	chrUn_DS484470v1		211000022278506
GCA_000001215.4	Primary Assembly	Un			DS484471.1	Chromosome	NW_001845760.1	unplaced-scaffold	2050	chrUn_DS484471v1		211000022279733
GCA_000001215.4	Primary Assembly	Un			DS484472.1	Chromosome	NW_001845761.1	unplaced-scaffold	2046	chrUn_DS484472v1		211000022279376
GCA_000001215.4	Primary Assembly	Un			DS484475.1	Chromosome	NW_001845764.1	unplaced-scaffold	2043	chrUn_DS484475v1		211000022278439
GCA_000001215.4	Primary Assembly	Un			DS484478.1	Chromosome	NW_001845767.1	unplaced-scaffold	2033	chrUn_DS484478v1		211000022278780
GCA_000001215.4	Primary Assembly	Un			DS484479.1	Chromosome	NW_001845768.1	unplaced-scaffold	2033	chrUn_DS484479v1		211000022278922
GCA_000001215.4	Primary Assembly	Un			DS484480.1	Chromosome	NW_001845769.1	unplaced-scaffold	2030	chrUn_DS484480v1		211000022279198
GCA_000001215.4	Primary Assembly	Un			DS484481.1	Chromosome	NW_001845770.1	unplaced-scaffold	2027	chrUn_DS484481v1		211000022278707
GCA_000001215.4	Primary Assembly	Un			DS484484.1	Chromosome	NW_001845773.1	unplaced-scaffold	2020	chrUn_DS484484v1		211000022278047
GCA_000001215.4	Primary Assembly	Un			DS484485.1	Chromosome	NW_001845774.1	unplaced-scaffold	2017	chrUn_DS484485v1		211000022278284
GCA_000001215.4	Primary Assembly	Un			DS484486.1	Chromosome	NW_001845775.1	unplaced-scaffold	2014	chrUn_DS484486v1		211000022280151
GCA_000001215.4	Primary Assembly	Un			DS484487.1	Chromosome	NW_001845776.1	unplaced-scaffold	2010	chrUn_DS484487v1		211000022279237
GCA_000001215.4	Primary Assembly	Un			DS484489.1	Chromosome	NW_001845778.1	unplaced-scaffold	2008	chrUn_DS484489v1		211000022278120
GCA_000001215.4	Primary Assembly	Un			DS484490.1	Chromosome	NW_001845779.1	unplaced-scaffold	2006	chrUn_DS484490v1		211000022278254
GCA_000001215.4	Primary Assembly	Un			DS484491.1	Chromosome	NW_001845780.1	unplaced-scaffold	2006	chrUn_DS484491v1		211000022280192
GCA_000001215.4	Primary Assembly	Un			DS484493.1	Chromosome	NW_001845782.1	unplaced-scaffold	2005	chrUn_DS484493v1		211000022278589
GCA_000001215.4	Primary Assembly	Un			DS484496.1	Chromosome	NW_001845785.1	unplaced-scaffold	1998	chrUn_DS484496v1		211000022278362
GCA_000001215.4	Primary Assembly	Un			DS484498.1	Chromosome	NW_001845787.1	unplaced-scaffold	1998	chrUn_DS484498v1		211000022279162
GCA_000001215.4	Primary Assembly	Un			DS484499.1	Chromosome	NW_001845788.1	unplaced-scaffold	1995	chrUn_DS484499v1		211000022279654
GCA_000001215.4	Primary Assembly	Un			DS484501.1	Chromosome	NW_001845790.1	unplaced-scaffold	1990	chrUn_DS484501v1		211000022279130
GCA_000001215.4	Primary Assembly	Un			DS484502.1	Chromosome	NW_001845791.1	unplaced-scaffold	1990	chrUn_DS484502v1		211000022279820
GCA_000001215.4	Primary Assembly	Un			DS484503.1	Chromosome	NW_001845792.1	unplaced-scaffold	1988	chrUn_DS484503v1		211000022279712
GCA_000001215.4	Primary Assembly	Un			DS484505.1	Chromosome	NW_001845794.1	unplaced-scaffold	1986	chrUn_DS484505v1		211000022278515
GCA_000001215.4	Primary Assembly	Un			DS484508.1	Chromosome	NW_001845797.1	unplaced-scaffold	1976	chrUn_DS484508v1		211000022278982
GCA_000001215.4	Primary Assembly	Un			DS484509.1	Chromosome	NW_001845798.1	unplaced-scaffold	1976	chrUn_DS484509v1		211000022279851
GCA_000001215.4	Primary Assembly	Un			DS484510.1	Chromosome	NW_001845799.1	unplaced-scaffold	1975	chrUn_DS484510v1		211000022279282
GCA_000001215.4	Primary Assembly	Un			DS484511.1	Chromosome	NW_001845800.1	unplaced-scaffold	1974	chrUn_DS484511v1		211000022278271
GCA_000001215.4	Primary Assembly	Un			DS484513.1	Chromosome	NW_001845802.1	unplaced-scaffold	1966	chrUn_DS484513v1		211000022279889
GCA_000001215.4	Primary Assembly	Un			DS484514.1	Chromosome	NW_001845803.1	unplaced-scaffold	1966	chrUn_DS484514v1		211000022279217
GCA_000001215.4	Primary Assembly	Un			DS484515.1	Chromosome	NW_001845804.1	unplaced-scaffold	1966	chrUn_DS484515v1		211000022278678
GCA_000001215.4	Primary Assembly	Un			DS484520.1	Chromosome	NW_001845809.1	unplaced-scaffold	1962	chrUn_DS484520v1		211000022279571
GCA_000001215.4	Primary Assembly	Un			DS484521.1	Chromosome	NW_001845810.1	unplaced-scaffold	1962	chrUn_DS484521v1		211000022280269
GCA_000001215.4	Primary Assembly	Un			DS484522.1	Chromosome	NW_001845811.1	unplaced-scaffold	1962	chrUn_DS484522v1		211000022278528
GCA_000001215.4	Primary Assembly	Un			DS484524.1	Chromosome	NW_001845813.1	unplaced-scaffold	1961	chrUn_DS484524v1		211000022279628
GCA_000001215.4	Primary Assembly	Un			DS484525.1	Chromosome	NW_001845814.1	unplaced-scaffold	1961	chrUn_DS484525v1		211000022280195
GCA_000001215.4	Primary Assembly	Un			DS484527.1	Chromosome	NW_001845816.1	unplaced-scaffold	1956	chrUn_DS484527v1		211000022278211
GCA_000001215.4	Primary Assembly	Un			DS484528.1	Chromosome	NW_001845817.1	unplaced-scaffold	1947	chrUn_DS484528v1		211000022279900
GCA_000001215.4	Primary Assembly	Un			DS484532.1	Chromosome	NW_001845821.1	unplaced-scaffold	1945	chrUn_DS484532v1		211000022278446
GCA_000001215.4	Primary Assembly	Un			DS484534.1	Chromosome	NW_001845823.1	unplaced-scaffold	1943	chrUn_DS484534v1		211000022280028
GCA_000001215.4	Primary Assembly	Un			DS484539.1	Chromosome	NW_001845828.1	unplaced-scaffold	1936	chrUn_DS484539v1		211000022280605
GCA_000001215.4	Primary Assembly	Un			DS484542.1	Chromosome	NW_001845831.1	unplaced-scaffold	1933	chrUn_DS484542v1		211000022279228
GCA_000001215.4	Primary Assembly	Un			DS484543.1	Chromosome	NW_001845832.1	unplaced-scaffold	1931	chrUn_DS484543v1		211000022280301
GCA_000001215.4	Primary Assembly	Un			DS484544.1	Chromosome	NW_001845833.1	unplaced-scaffold	1929	chrUn_DS484544v1		211000022279627
GCA_000001215.4	Primary Assembly	Un			DS484546.1	Chromosome	NW_001845835.1	unplaced-scaffold	1928	chrUn_DS484546v1		211000022278304
GCA_000001215.4	Primary Assembly	Un			DS484548.1	Chromosome	NW_001845837.1	unplaced-scaffold	1926	chrUn_DS484548v1		211000022278406
GCA_000001215.4	Primary Assembly	Un			DS484549.1	Chromosome	NW_001845838.1	unplaced-scaffold	1926	chrUn_DS484549v1		211000022278890
GCA_000001215.4	Primary Assembly	Un			DS484550.1	Chromosome	NW_001845839.1	unplaced-scaffold	1924	chrUn_DS484550v1		211000022279366
GCA_000001215.4	Primary Assembly	Un			DS484553.1	Chromosome	NW_001845842.1	unplaced-scaffold	1917	chrUn_DS484553v1		211000022279657
GCA_000001215.4	Primary Assembly	Un			DS484557.1	Chromosome	NW_001845846.1	unplaced-scaffold	1907	chrUn_DS484557v1		211000022279969
GCA_000001215.4	Primary Assembly	Un			DS484559.1	Chromosome	NW_001845848.1	unplaced-scaffold	1905	chrUn_DS484559v1		211000022278929
GCA_000001215.4	Primary Assembly	Un			DS484561.1	Chromosome	NW_001845850.1	unplaced-scaffold	1903	chrUn_DS484561v1		211000022279285
GCA_000001215.4	Primary Assembly	Un			DS484565.1	Chromosome	NW_001845854.1	unplaced-scaffold	1901	chrUn_DS484565v1		211000022279473
GCA_000001215.4	Primary Assembly	Un			DS484566.1	Chromosome	NW_001845855.1	unplaced-scaffold	1900	chrUn_DS484566v1		211000022279158
GCA_000001215.4	Primary Assembly	Un			DS484567.1	Chromosome	NW_001845856.1	unplaced-scaffold	1900	chrUn_DS484567v1		211000022278435
GCA_000001215.4	Primary Assembly	Un			DS484571.1	Chromosome	NW_001845860.1	unplaced-scaffold	1893	chrUn_DS484571v1		211000022278274
GCA_000001215.4	Primary Assembly	Un			DS484573.1	Chromosome	NW_001845862.1	unplaced-scaffold	1890	chrUn_DS484573v1		211000022280293
GCA_000001215.4	Primary Assembly	Un			DS484577.1	Chromosome	NW_001845866.1	unplaced-scaffold	1882	chrUn_DS484577v1		211000022279029
GCA_000001215.4	Primary Assembly	Un			DS484578.1	Chromosome	NW_001845867.1	unplaced-scaffold	1872	chrUn_DS484578v1		211000022278988
GCA_000001215.4	Primary Assembly	Un			DS484579.1	Chromosome	NW_001845868.1	unplaced-scaffold	1872	chrUn_DS484579v1		211000022279199
GCA_000001215.4	Primary Assembly	Un			DS484581.1	Chromosome	NW_001845870.1	unplaced-scaffold	1870	chrUn_DS484581v1		211000022280347
GCA_000001215.4	Primary Assembly	Un			DS484584.1	Chromosome	NW_001845873.1	unplaced-scaffold	1869	chrUn_DS484584v1		211000022279921
GCA_000001215.4	Primary Assembly	Un			DS484588.1	Chromosome	NW_001845877.1	unplaced-scaffold	1863	chrUn_DS484588v1		211000022279538
GCA_000001215.4	Primary Assembly	Un			DS484591.1	Chromosome	NW_001845880.1	unplaced-scaffold	1854	chrUn_DS484591v1		211000022279574
GCA_000001215.4	Primary Assembly	Un			DS484592.1	Chromosome	NW_001845881.1	unplaced-scaffold	1851	chrUn_DS484592v1		211000022280344
GCA_000001215.4	Primary Assembly	Un			DS484593.1	Chromosome	NW_001845882.1	unplaced-scaffold	1849	chrUn_DS484593v1		211000022279139
GCA_000001215.4	Primary Assembly	Un			DS484595.1	Chromosome	NW_001845884.1	unplaced-scaffold	1843	chrUn_DS484595v1		211000022279192
GCA_000001215.4	Primary Assembly	Un			DS484601.1	Chromosome	NW_001845890.1	unplaced-scaffold	1832	chrUn_DS484601v1		211000022279097
GCA_000001215.4	Primary Assembly	Un			DS484602.1	Chromosome	NW_001845891.1	unplaced-scaffold	1832	chrUn_DS484602v1		211000022280220
GCA_000001215.4	Primary Assembly	Un			DS484606.1	Chromosome	NW_001845895.1	unplaced-scaffold	1826	chrUn_DS484606v1		211000022279002
GCA_000001215.4	Primary Assembly	Un			DS484607.1	Chromosome	NW_001845896.1	unplaced-scaffold	1819	chrUn_DS484607v1		211000022279971
GCA_000001215.4	Primary Assembly	Un			DS484614.1	Chromosome	NW_001845903.1	unplaced-scaffold	1806	chrUn_DS484614v1		211000022279745
GCA_000001215.4	Primary Assembly	Un			DS484616.1	Chromosome	NW_001845905.1	unplaced-scaffold	1802	chrUn_DS484616v1		211000022280320
GCA_000001215.4	Primary Assembly	Un			DS484617.1	Chromosome	NW_001845906.1	unplaced-scaffold	1801	chrUn_DS484617v1		211000022280326
GCA_000001215.4	Primary Assembly	Un			DS484619.1	Chromosome	NW_001845908.1	unplaced-scaffold	1800	chrUn_DS484619v1		211000022279633
GCA_000001215.4	Primary Assembly	Un			DS484621.1	Chromosome	NW_001845910.1	unplaced-scaffold	1797	chrUn_DS484621v1		211000022280161
GCA_000001215.4	Primary Assembly	Un			DS484629.1	Chromosome	NW_001845918.1	unplaced-scaffold	1785	chrUn_DS484629v1		211000022279121
GCA_000001215.4	Primary Assembly	Un			DS484630.1	Chromosome	NW_001845919.1	unplaced-scaffold	1776	chrUn_DS484630v1		211000022279858
GCA_000001215.4	Primary Assembly	Un			DS484632.1	Chromosome	NW_001845921.1	unplaced-scaffold	1775	chrUn_DS484632v1		211000022279230
GCA_000001215.4	Primary Assembly	Un			DS484635.1	Chromosome	NW_001845924.1	unplaced-scaffold	1770	chrUn_DS484635v1		211000022279481
GCA_000001215.4	Primary Assembly	Un			DS484639.1	Chromosome	NW_001845928.1	unplaced-scaffold	1761	chrUn_DS484639v1		211000022279208
GCA_000001215.4	Primary Assembly	Un			DS484642.1	Chromosome	NW_001845931.1	unplaced-scaffold	1754	chrUn_DS484642v1		211000022279049
GCA_000001215.4	Primary Assembly	Un			DS484646.1	Chromosome	NW_001845935.1	unplaced-scaffold	1747	chrUn_DS484646v1		211000022279159
GCA_000001215.4	Primary Assembly	Un			DS484649.1	Chromosome	NW_001845938.1	unplaced-scaffold	1738	chrUn_DS484649v1		211000022280298
GCA_000001215.4	Primary Assembly	Un			DS484651.1	Chromosome	NW_001845940.1	unplaced-scaffold	1734	chrUn_DS484651v1		211000022279337
GCA_000001215.4	Primary Assembly	Un			DS484652.1	Chromosome	NW_001845941.1	unplaced-scaffold	1733	chrUn_DS484652v1		211000022280700
GCA_000001215.4	Primary Assembly	Un			DS484653.1	Chromosome	NW_001845942.1	unplaced-scaffold	1732	chrUn_DS484653v1		211000022278388
GCA_000001215.4	Primary Assembly	Un			DS484654.1	Chromosome	NW_001845943.1	unplaced-scaffold	1728	chrUn_DS484654v1		211000022278992
GCA_000001215.4	Primary Assembly	Un			DS484656.1	Chromosome	NW_001845945.1	unplaced-scaffold	1724	chrUn_DS484656v1		211000022279931
GCA_000001215.4	Primary Assembly	Un			DS484658.1	Chromosome	NW_001845947.1	unplaced-scaffold	1719	chrUn_DS484658v1		211000022279450
GCA_000001215.4	Primary Assembly	Un			DS484659.1	Chromosome	NW_001845948.1	unplaced-scaffold	1719	chrUn_DS484659v1		211000022278559
GCA_000001215.4	Primary Assembly	Un			DS484661.1	Chromosome	NW_001845950.1	unplaced-scaffold	1716	chrUn_DS484661v1		211000022280160
GCA_000001215.4	Primary Assembly	Un			DS484662.1	Chromosome	NW_001845951.1	unplaced-scaffold	1715	chrUn_DS484662v1		211000022280247
GCA_000001215.4	Primary Assembly	Un			DS484663.1	Chromosome	NW_001845952.1	unplaced-scaffold	1714	chrUn_DS484663v1		211000022278132
GCA_000001215.4	Primary Assembly	Un			DS484667.1	Chromosome	NW_001845956.1	unplaced-scaffold	1710	chrUn_DS484667v1		211000022278306
GCA_000001215.4	Primary Assembly	Un			DS484671.1	Chromosome	NW_001845960.1	unplaced-scaffold	1703	chrUn_DS484671v1		211000022279896
GCA_000001215.4	Primary Assembly	Un			DS484673.1	Chromosome	NW_001845962.1	unplaced-scaffold	1696	chrUn_DS484673v1		211000022279575
GCA_000001215.4	Primary Assembly	Un			DS484678.1	Chromosome	NW_001845967.1	unplaced-scaffold	1685	chrUn_DS484678v1		211000022279490
GCA_000001215.4	Primary Assembly	Un			DS484685.1	Chromosome	NW_001845974.1	unplaced-scaffold	1675	chrUn_DS484685v1		211000022279970
GCA_000001215.4	Primary Assembly	Un			DS484686.1	Chromosome	NW_001845975.1	unplaced-scaffold	1667	chrUn_DS484686v1		211000022279788
GCA_000001215.4	Primary Assembly	Un			DS484689.1	Chromosome	NW_001845978.1	unplaced-scaffold	1650	chrUn_DS484689v1		211000022278224
GCA_000001215.4	Primary Assembly	Un			DS484692.1	Chromosome	NW_001845981.1	unplaced-scaffold	1643	chrUn_DS484692v1		211000022279934
GCA_000001215.4	Primary Assembly	Un			DS484693.1	Chromosome	NW_001845982.1	unplaced-scaffold	1641	chrUn_DS484693v1		211000022280074
GCA_000001215.4	Primary Assembly	Un			DS484699.1	Chromosome	NW_001845988.1	unplaced-scaffold	1629	chrUn_DS484699v1		211000022280315
GCA_000001215.4	Primary Assembly	Un			DS484700.1	Chromosome	NW_001845989.1	unplaced-scaffold	1625	chrUn_DS484700v1		211000022280226
GCA_000001215.4	Primary Assembly	Un			DS484707.1	Chromosome	NW_001845996.1	unplaced-scaffold	1614	chrUn_DS484707v1		211000022278298
GCA_000001215.4	Primary Assembly	Un			DS484709.1	Chromosome	NW_001845998.1	unplaced-scaffold	1611	chrUn_DS484709v1		211000022278979
GCA_000001215.4	Primary Assembly	Un			DS484710.1	Chromosome	NW_001845999.1	unplaced-scaffold	1610	chrUn_DS484710v1		211000022278754
GCA_000001215.4	Primary Assembly	Un			DS484712.1	Chromosome	NW_001846001.1	unplaced-scaffold	1610	chrUn_DS484712v1		211000022279839
GCA_000001215.4	Primary Assembly	Un			DS484713.1	Chromosome	NW_001846002.1	unplaced-scaffold	1608	chrUn_DS484713v1		211000022278969
GCA_000001215.4	Primary Assembly	Un			DS484714.1	Chromosome	NW_001846003.1	unplaced-scaffold	1597	chrUn_DS484714v1		211000022280297
GCA_000001215.4	Primary Assembly	Un			DS484716.1	Chromosome	NW_001846005.1	unplaced-scaffold	1594	chrUn_DS484716v1		211000022278376
GCA_000001215.4	Primary Assembly	Un			DS484718.1	Chromosome	NW_001846007.1	unplaced-scaffold	1586	chrUn_DS484718v1		211000022280131
GCA_000001215.4	Primary Assembly	Un			DS484720.1	Chromosome	NW_001846009.1	unplaced-scaffold	1586	chrUn_DS484720v1		211000022278525
GCA_000001215.4	Primary Assembly	Un			DS484721.1	Chromosome	NW_001846010.1	unplaced-scaffold	1581	chrUn_DS484721v1		211000022279040
GCA_000001215.4	Primary Assembly	Un			DS484722.1	Chromosome	NW_001846011.1	unplaced-scaffold	1577	chrUn_DS484722v1		211000022279691
GCA_000001215.4	Primary Assembly	Un			DS484726.1	Chromosome	NW_001846015.1	unplaced-scaffold	1571	chrUn_DS484726v1		211000022278176
GCA_000001215.4	Primary Assembly	Un			DS484727.1	Chromosome	NW_001846016.1	unplaced-scaffold	1567	chrUn_DS484727v1		211000022278597
GCA_000001215.4	Primary Assembly	Un			DS484728.1	Chromosome	NW_001846017.1	unplaced-scaffold	1566	chrUn_DS484728v1		211000022278866
GCA_000001215.4	Primary Assembly	Un			DS484729.1	Chromosome	NW_001846018.1	unplaced-scaffold	1560	chrUn_DS484729v1		211000022280292
GCA_000001215.4	Primary Assembly	Un			DS484734.1	Chromosome	NW_001846023.1	unplaced-scaffold	1555	chrUn_DS484734v1		211000022280196
GCA_000001215.4	Primary Assembly	Un			DS484735.1	Chromosome	NW_001846024.1	unplaced-scaffold	1553	chrUn_DS484735v1		211000022280694
GCA_000001215.4	Primary Assembly	Un			DS484736.1	Chromosome	NW_001846025.1	unplaced-scaffold	1552	chrUn_DS484736v1		211000022278334
GCA_000001215.4	Primary Assembly	Un			DS484738.1	Chromosome	NW_001846027.1	unplaced-scaffold	1550	chrUn_DS484738v1		211000022278891
GCA_000001215.4	Primary Assembly	Un			DS484739.1	Chromosome	NW_001846028.1	unplaced-scaffold	1549	chrUn_DS484739v1		211000022278521
GCA_000001215.4	Primary Assembly	Un			DS484742.1	Chromosome	NW_001846031.1	unplaced-scaffold	1543	chrUn_DS484742v1		211000022279842
GCA_000001215.4	Primary Assembly	Un			DS484746.1	Chromosome	NW_001846035.1	unplaced-scaffold	1540	chrUn_DS484746v1		211000022278244
GCA_000001215.4	Primary Assembly	Un			DS484748.1	Chromosome	NW_001846037.1	unplaced-scaffold	1538	chrUn_DS484748v1		211000022279246
GCA_000001215.4	Primary Assembly	Un			DS484750.1	Chromosome	NW_001846039.1	unplaced-scaffold	1533	chrUn_DS484750v1		211000022280159
GCA_000001215.4	Primary Assembly	Un			DS484751.1	Chromosome	NW_001846040.1	unplaced-scaffold	1533	chrUn_DS484751v1		211000022278451
GCA_000001215.4	Primary Assembly	Un			DS484752.1	Chromosome	NW_001846041.1	unplaced-scaffold	1532	chrUn_DS484752v1		211000022279671
GCA_000001215.4	Primary Assembly	Un			DS484754.1	Chromosome	NW_001846043.1	unplaced-scaffold	1527	chrUn_DS484754v1		211000022280325
GCA_000001215.4	Primary Assembly	Un			DS484756.1	Chromosome	NW_001846045.1	unplaced-scaffold	1525	chrUn_DS484756v1		211000022278307
GCA_000001215.4	Primary Assembly	Un			DS484760.1	Chromosome	NW_001846049.1	unplaced-scaffold	1521	chrUn_DS484760v1		211000022278947
GCA_000001215.4	Primary Assembly	Un			DS484762.1	Chromosome	NW_001846051.1	unplaced-scaffold	1520	chrUn_DS484762v1		211000022280221
GCA_000001215.4	Primary Assembly	Un			DS484764.1	Chromosome	NW_001846053.1	unplaced-scaffold	1518	chrUn_DS484764v1		211000022278733
GCA_000001215.4	Primary Assembly	Un			DS484769.1	Chromosome	NW_001846058.1	unplaced-scaffold	1508	chrUn_DS484769v1		211000022278210
GCA_000001215.4	Primary Assembly	Un			DS484770.1	Chromosome	NW_001846059.1	unplaced-scaffold	1504	chrUn_DS484770v1		211000022278182
GCA_000001215.4	Primary Assembly	Un			DS484771.1	Chromosome	NW_001846060.1	unplaced-scaffold	1504	chrUn_DS484771v1		211000022278786
GCA_000001215.4	Primary Assembly	Un			DS484772.1	Chromosome	NW_001846061.1	unplaced-scaffold	1502	chrUn_DS484772v1		211000022278594
GCA_000001215.4	Primary Assembly	Un			DS484773.1	Chromosome	NW_001846062.1	unplaced-scaffold	1494	chrUn_DS484773v1		211000022280102
GCA_000001215.4	Primary Assembly	Un			DS484774.1	Chromosome	NW_001846063.1	unplaced-scaffold	1492	chrUn_DS484774v1		211000022279619
GCA_000001215.4	Primary Assembly	Un			DS484776.1	Chromosome	NW_001846065.1	unplaced-scaffold	1490	chrUn_DS484776v1		211000022278721
GCA_000001215.4	Primary Assembly	Un			DS484779.1	Chromosome	NW_001846068.1	unplaced-scaffold	1487	chrUn_DS484779v1		211000022279540
GCA_000001215.4	Primary Assembly	Un			DS484780.1	Chromosome	NW_001846069.1	unplaced-scaffold	1487	chrUn_DS484780v1		211000022280338
GCA_000001215.4	Primary Assembly	Un			DS484782.1	Chromosome	NW_001846071.1	unplaced-scaffold	1484	chrUn_DS484782v1		211000022279207
GCA_000001215.4	Primary Assembly	Un			DS484787.1	Chromosome	NW_001846076.1	unplaced-scaffold	1475	chrUn_DS484787v1		211000022278456
GCA_000001215.4	Primary Assembly	Un			DS484789.1	Chromosome	NW_001846078.1	unplaced-scaffold	1473	chrUn_DS484789v1		211000022280031
GCA_000001215.4	Primary Assembly	Un			DS484792.1	Chromosome	NW_001846081.1	unplaced-scaffold	1471	chrUn_DS484792v1		211000022280235
GCA_000001215.4	Primary Assembly	Un			DS484796.1	Chromosome	NW_001846085.1	unplaced-scaffold	1468	chrUn_DS484796v1		211000022279152
GCA_000001215.4	Primary Assembly	Un			DS484797.1	Chromosome	NW_001846086.1	unplaced-scaffold	1467	chrUn_DS484797v1		211000022279904
GCA_000001215.4	Primary Assembly	Un			DS484798.1	Chromosome	NW_001846087.1	unplaced-scaffold	1466	chrUn_DS484798v1		211000022278550
GCA_000001215.4	Primary Assembly	Un			DS484799.1	Chromosome	NW_001846088.1	unplaced-scaffold	1464	chrUn_DS484799v1		211000022279696
GCA_000001215.4	Primary Assembly	Un			DS484802.1	Chromosome	NW_001846091.1	unplaced-scaffold	1462	chrUn_DS484802v1		211000022279664
GCA_000001215.4	Primary Assembly	Un			DS484804.1	Chromosome	NW_001846093.1	unplaced-scaffold	1461	chrUn_DS484804v1		211000022279509
GCA_000001215.4	Primary Assembly	Un			DS484806.1	Chromosome	NW_001846095.1	unplaced-scaffold	1458	chrUn_DS484806v1		211000022279204
GCA_000001215.4	Primary Assembly	Un			DS484812.1	Chromosome	NW_001846101.1	unplaced-scaffold	1451	chrUn_DS484812v1		211000022279793
GCA_000001215.4	Primary Assembly	Un			DS484815.1	Chromosome	NW_001846104.1	unplaced-scaffold	1446	chrUn_DS484815v1		211000022279875
GCA_000001215.4	Primary Assembly	Un			DS484816.1	Chromosome	NW_001846105.1	unplaced-scaffold	1446	chrUn_DS484816v1		211000022278286
GCA_000001215.4	Primary Assembly	Un			DS484817.1	Chromosome	NW_001846106.1	unplaced-scaffold	1445	chrUn_DS484817v1		211000022279522
GCA_000001215.4	Primary Assembly	Un			DS484822.1	Chromosome	NW_001846111.1	unplaced-scaffold	1436	chrUn_DS484822v1		211000022278262
GCA_000001215.4	Primary Assembly	Un			DS484825.1	Chromosome	NW_001846114.1	unplaced-scaffold	1432	chrUn_DS484825v1		211000022278568
GCA_000001215.4	Primary Assembly	Un			DS484827.1	Chromosome	NW_001846116.1	unplaced-scaffold	1432	chrUn_DS484827v1		211000022278139
GCA_000001215.4	Primary Assembly	Un			DS484828.1	Chromosome	NW_001846117.1	unplaced-scaffold	1430	chrUn_DS484828v1		211000022279748
GCA_000001215.4	Primary Assembly	Un			DS484831.1	Chromosome	NW_001846120.1	unplaced-scaffold	1429	chrUn_DS484831v1		211000022279600
GCA_000001215.4	Primary Assembly	Un			DS484834.1	Chromosome	NW_001846123.1	unplaced-scaffold	1424	chrUn_DS484834v1		211000022279749
GCA_000001215.4	Primary Assembly	Un			DS484836.1	Chromosome	NW_001846125.1	unplaced-scaffold	1424	chrUn_DS484836v1		211000022280009
GCA_000001215.4	Primary Assembly	Un			DS484838.1	Chromosome	NW_001846127.1	unplaced-scaffold	1422	chrUn_DS484838v1		211000022279507
GCA_000001215.4	Primary Assembly	Un			DS484841.1	Chromosome	NW_001846130.1	unplaced-scaffold	1416	chrUn_DS484841v1		211000022278366
GCA_000001215.4	Primary Assembly	Un			DS484842.1	Chromosome	NW_001846131.1	unplaced-scaffold	1416	chrUn_DS484842v1		211000022278420
GCA_000001215.4	Primary Assembly	Un			DS484843.1	Chromosome	NW_001846132.1	unplaced-scaffold	1416	chrUn_DS484843v1		211000022278558
GCA_000001215.4	Primary Assembly	Un			DS484844.1	Chromosome	NW_001846133.1	unplaced-scaffold	1415	chrUn_DS484844v1		211000022278548
GCA_000001215.4	Primary Assembly	Un			DS484846.1	Chromosome	NW_001846135.1	unplaced-scaffold	1412	chrUn_DS484846v1		211000022278949
GCA_000001215.4	Primary Assembly	Un			DS484847.1	Chromosome	NW_001846136.1	unplaced-scaffold	1411	chrUn_DS484847v1		211000022279464
GCA_000001215.4	Primary Assembly	Un			DS484848.1	Chromosome	NW_001846137.1	unplaced-scaffold	1410	chrUn_DS484848v1		211000022280706
GCA_000001215.4	Primary Assembly	Un			DS484851.1	Chromosome	NW_001846140.1	unplaced-scaffold	1408	chrUn_DS484851v1		211000022279454
GCA_000001215.4	Primary Assembly	Un			DS484852.1	Chromosome	NW_001846141.1	unplaced-scaffold	1407	chrUn_DS484852v1		211000022279529
GCA_000001215.4	Primary Assembly	Un			DS484853.1	Chromosome	NW_001846142.1	unplaced-scaffold	1406	chrUn_DS484853v1		211000022280336
GCA_000001215.4	Primary Assembly	Un			DS484855.1	Chromosome	NW_001846144.1	unplaced-scaffold	1404	chrUn_DS484855v1		211000022278167
GCA_000001215.4	Primary Assembly	Un			DS484861.1	Chromosome	NW_001846150.1	unplaced-scaffold	1395	chrUn_DS484861v1		211000022278038
GCA_000001215.4	Primary Assembly	Un			DS484862.1	Chromosome	NW_001846151.1	unplaced-scaffold	1394	chrUn_DS484862v1		211000022280322
GCA_000001215.4	Primary Assembly	Un			DS484865.1	Chromosome	NW_001846154.1	unplaced-scaffold	1391	chrUn_DS484865v1		211000022280644
GCA_000001215.4	Primary Assembly	Un			DS484866.1	Chromosome	NW_001846155.1	unplaced-scaffold	1391	chrUn_DS484866v1		211000022278593
GCA_000001215.4	Primary Assembly	Un			DS484869.1	Chromosome	NW_001846158.1	unplaced-scaffold	1391	chrUn_DS484869v1		211000022279694
GCA_000001215.4	Primary Assembly	Un			DS484870.1	Chromosome	NW_001846159.1	unplaced-scaffold	1386	chrUn_DS484870v1		211000022280346
GCA_000001215.4	Primary Assembly	Un			DS484872.1	Chromosome	NW_001846161.1	unplaced-scaffold	1385	chrUn_DS484872v1		211000022280676
GCA_000001215.4	Primary Assembly	Un			DS484874.1	Chromosome	NW_001846163.1	unplaced-scaffold	1384	chrUn_DS484874v1		211000022279737
GCA_000001215.4	Primary Assembly	Un			DS484878.1	Chromosome	NW_001846167.1	unplaced-scaffold	1381	chrUn_DS484878v1		211000022279890
GCA_000001215.4	Primary Assembly	Un			DS484881.1	Chromosome	NW_001846170.1	unplaced-scaffold	1380	chrUn_DS484881v1		211000022278256
GCA_000001215.4	Primary Assembly	Un			DS484882.1	Chromosome	NW_001846171.1	unplaced-scaffold	1379	chrUn_DS484882v1		211000022279593
GCA_000001215.4	Primary Assembly	Un			DS484884.1	Chromosome	NW_001846173.1	unplaced-scaffold	1378	chrUn_DS484884v1		211000022278676
GCA_000001215.4	Primary Assembly	Un			DS484886.1	Chromosome	NW_001846175.1	unplaced-scaffold	1377	chrUn_DS484886v1		211000022279393
GCA_000001215.4	Primary Assembly	Un			DS484887.1	Chromosome	NW_001846176.1	unplaced-scaffold	1377	chrUn_DS484887v1		211000022280181
GCA_000001215.4	Primary Assembly	Un			DS484888.1	Chromosome	NW_001846177.1	unplaced-scaffold	1377	chrUn_DS484888v1		211000022280071
GCA_000001215.4	Primary Assembly	Un			DS484889.1	Chromosome	NW_001846178.1	unplaced-scaffold	1377	chrUn_DS484889v1		211000022279433
GCA_000001215.4	Primary Assembly	Un			DS484894.1	Chromosome	NW_001846183.1	unplaced-scaffold	1375	chrUn_DS484894v1		211000022279371
GCA_000001215.4	Primary Assembly	Un			DS484895.1	Chromosome	NW_001846184.1	unplaced-scaffold	1374	chrUn_DS484895v1		211000022279023
GCA_000001215.4	Primary Assembly	Un			DS484896.1	Chromosome	NW_001846185.1	unplaced-scaffold	1374	chrUn_DS484896v1		211000022278575
GCA_000001215.4	Primary Assembly	Un			DS484897.1	Chromosome	NW_001846186.1	unplaced-scaffold	1373	chrUn_DS484897v1		211000022278689
GCA_000001215.4	Primary Assembly	Un			DS484898.1	Chromosome	NW_001846187.1	unplaced-scaffold	1371	chrUn_DS484898v1		211000022280341
GCA_000001215.4	Primary Assembly	Un			DS484899.1	Chromosome	NW_001846188.1	unplaced-scaffold	1369	chrUn_DS484899v1		211000022279324
GCA_000001215.4	Primary Assembly	Un			DS484901.1	Chromosome	NW_001846190.1	unplaced-scaffold	1368	chrUn_DS484901v1		211000022280030
GCA_000001215.4	Primary Assembly	Un			DS484904.1	Chromosome	NW_001846193.1	unplaced-scaffold	1366	chrUn_DS484904v1		211000022278413
GCA_000001215.4	Primary Assembly	Un			DS484910.1	Chromosome	NW_001846199.1	unplaced-scaffold	1356	chrUn_DS484910v1		211000022279365
GCA_000001215.4	Primary Assembly	Un			DS484916.1	Chromosome	NW_001846205.1	unplaced-scaffold	1352	chrUn_DS484916v1		211000022279100
GCA_000001215.4	Primary Assembly	Un			DS484917.1	Chromosome	NW_001846206.1	unplaced-scaffold	1351	chrUn_DS484917v1		211000022280327
GCA_000001215.4	Primary Assembly	Un			DS484919.1	Chromosome	NW_001846208.1	unplaced-scaffold	1347	chrUn_DS484919v1		211000022279415
GCA_000001215.4	Primary Assembly	Un			DS484920.1	Chromosome	NW_001846209.1	unplaced-scaffold	1347	chrUn_DS484920v1		211000022278757
GCA_000001215.4	Primary Assembly	Un			DS484921.1	Chromosome	NW_001846210.1	unplaced-scaffold	1346	chrUn_DS484921v1		211000022278157
GCA_000001215.4	Primary Assembly	Un			DS484922.1	Chromosome	NW_001846211.1	unplaced-scaffold	1344	chrUn_DS484922v1		211000022278793
GCA_000001215.4	Primary Assembly	Un			DS484923.1	Chromosome	NW_001846212.1	unplaced-scaffold	1343	chrUn_DS484923v1		211000022278127
GCA_000001215.4	Primary Assembly	Un			DS484926.1	Chromosome	NW_001846215.1	unplaced-scaffold	1340	chrUn_DS484926v1		211000022280343
GCA_000001215.4	Primary Assembly	Un			DS484927.1	Chromosome	NW_001846216.1	unplaced-scaffold	1340	chrUn_DS484927v1		211000022280162
GCA_000001215.4	Primary Assembly	Un			DS484929.1	Chromosome	NW_001846218.1	unplaced-scaffold	1339	chrUn_DS484929v1		211000022279421
GCA_000001215.4	Primary Assembly	Un			DS484930.1	Chromosome	NW_001846219.1	unplaced-scaffold	1339	chrUn_DS484930v1		211000022280206
GCA_000001215.4	Primary Assembly	Un			DS484932.1	Chromosome	NW_001846221.1	unplaced-scaffold	1337	chrUn_DS484932v1		211000022279871
GCA_000001215.4	Primary Assembly	Un			DS484933.1	Chromosome	NW_001846222.1	unplaced-scaffold	1337	chrUn_DS484933v1		211000022278212
GCA_000001215.4	Primary Assembly	Un			DS484938.1	Chromosome	NW_001846227.1	unplaced-scaffold	1334	chrUn_DS484938v1		211000022278151
GCA_000001215.4	Primary Assembly	Un			DS484940.1	Chromosome	NW_001846229.1	unplaced-scaffold	1333	chrUn_DS484940v1		211000022280140
GCA_000001215.4	Primary Assembly	Un			DS484941.1	Chromosome	NW_001846230.1	unplaced-scaffold	1333	chrUn_DS484941v1		211000022279274
GCA_000001215.4	Primary Assembly	Un			DS484943.1	Chromosome	NW_001846232.1	unplaced-scaffold	1332	chrUn_DS484943v1		211000022279685
GCA_000001215.4	Primary Assembly	Un			DS484944.1	Chromosome	NW_001846233.1	unplaced-scaffold	1330	chrUn_DS484944v1		211000022278144
GCA_000001215.4	Primary Assembly	Un			DS484948.1	Chromosome	NW_001846237.1	unplaced-scaffold	1328	chrUn_DS484948v1		211000022278865
GCA_000001215.4	Primary Assembly	Un			DS484954.1	Chromosome	NW_001846243.1	unplaced-scaffold	1323	chrUn_DS484954v1		211000022279516
GCA_000001215.4	Primary Assembly	Un			DS484960.1	Chromosome	NW_001846249.1	unplaced-scaffold	1316	chrUn_DS484960v1		211000022279106
GCA_000001215.4	Primary Assembly	Un			DS484962.1	Chromosome	NW_001846251.1	unplaced-scaffold	1315	chrUn_DS484962v1		211000022279343
GCA_000001215.4	Primary Assembly	Un			DS484964.1	Chromosome	NW_001846253.1	unplaced-scaffold	1315	chrUn_DS484964v1		211000022278194
GCA_000001215.4	Primary Assembly	Un			DS484967.1	Chromosome	NW_001846256.1	unplaced-scaffold	1311	chrUn_DS484967v1		211000022279362
GCA_000001215.4	Primary Assembly	Un			DS484972.1	Chromosome	NW_001846261.1	unplaced-scaffold	1310	chrUn_DS484972v1		211000022278204
GCA_000001215.4	Primary Assembly	Un			DS484976.1	Chromosome	NW_001846265.1	unplaced-scaffold	1308	chrUn_DS484976v1		211000022278714
GCA_000001215.4	Primary Assembly	Un			DS484979.1	Chromosome	NW_001846268.1	unplaced-scaffold	1304	chrUn_DS484979v1		211000022278899
GCA_000001215.4	Primary Assembly	Un			DS484982.1	Chromosome	NW_001846271.1	unplaced-scaffold	1304	chrUn_DS484982v1		211000022279143
GCA_000001215.4	Primary Assembly	Un			DS484984.1	Chromosome	NW_001846273.1	unplaced-scaffold	1304	chrUn_DS484984v1		211000022279354
GCA_000001215.4	Primary Assembly	Un			DS484985.1	Chromosome	NW_001846274.1	unplaced-scaffold	1303	chrUn_DS484985v1		211000022278894
GCA_000001215.4	Primary Assembly	Un			DS484987.1	Chromosome	NW_001846276.1	unplaced-scaffold	1302	chrUn_DS484987v1		211000022278915
GCA_000001215.4	Primary Assembly	Un			DS484988.1	Chromosome	NW_001846277.1	unplaced-scaffold	1301	chrUn_DS484988v1		211000022278408
GCA_000001215.4	Primary Assembly	Un			DS484991.1	Chromosome	NW_001846280.1	unplaced-scaffold	1299	chrUn_DS484991v1		211000022279048
GCA_000001215.4	Primary Assembly	Un			DS484993.1	Chromosome	NW_001846282.1	unplaced-scaffold	1297	chrUn_DS484993v1		211000022278574
GCA_000001215.4	Primary Assembly	Un			DS484998.1	Chromosome	NW_001846287.1	unplaced-scaffold	1294	chrUn_DS484998v1		211000022279699
GCA_000001215.4	Primary Assembly	Un			DS484999.1	Chromosome	NW_001846288.1	unplaced-scaffold	1294	chrUn_DS484999v1		211000022278735
GCA_000001215.4	Primary Assembly	Un			DS485000.1	Chromosome	NW_001846289.1	unplaced-scaffold	1293	chrUn_DS485000v1		211000022278962
GCA_000001215.4	Primary Assembly	Un			DS485002.1	Chromosome	NW_001846291.1	unplaced-scaffold	1291	chrUn_DS485002v1		211000022280191
GCA_000001215.4	Primary Assembly	Un			DS485004.1	Chromosome	NW_001846293.1	unplaced-scaffold	1290	chrUn_DS485004v1		211000022279723
GCA_000001215.4	Primary Assembly	Un			DS485005.1	Chromosome	NW_001846294.1	unplaced-scaffold	1289	chrUn_DS485005v1		211000022279087
GCA_000001215.4	Primary Assembly	Un			DS485007.1	Chromosome	NW_001846296.1	unplaced-scaffold	1287	chrUn_DS485007v1		211000022279318
GCA_000001215.4	Primary Assembly	Un			DS485010.1	Chromosome	NW_001846299.1	unplaced-scaffold	1286	chrUn_DS485010v1		211000022279692
GCA_000001215.4	Primary Assembly	Un			DS485011.1	Chromosome	NW_001846300.1	unplaced-scaffold	1285	chrUn_DS485011v1		211000022279580
GCA_000001215.4	Primary Assembly	Un			DS485019.1	Chromosome	NW_001846308.1	unplaced-scaffold	1280	chrUn_DS485019v1		211000022278604
GCA_000001215.4	Primary Assembly	Un			DS485020.1	Chromosome	NW_001846309.1	unplaced-scaffold	1280	chrUn_DS485020v1		211000022279770
GCA_000001215.4	Primary Assembly	Un			DS485022.1	Chromosome	NW_001846311.1	unplaced-scaffold	1279	chrUn_DS485022v1		211000022279926
GCA_000001215.4	Primary Assembly	Un			DS485024.1	Chromosome	NW_001846313.1	unplaced-scaffold	1278	chrUn_DS485024v1		211000022278338
GCA_000001215.4	Primary Assembly	Un			DS485025.1	Chromosome	NW_001846314.1	unplaced-scaffold	1278	chrUn_DS485025v1		211000022279411
GCA_000001215.4	Primary Assembly	Un			DS485026.1	Chromosome	NW_001846315.1	unplaced-scaffold	1278	chrUn_DS485026v1		211000022278980
GCA_000001215.4	Primary Assembly	Un			DS485027.1	Chromosome	NW_001846316.1	unplaced-scaffold	1277	chrUn_DS485027v1		211000022279182
GCA_000001215.4	Primary Assembly	Un			DS485029.1	Chromosome	NW_001846318.1	unplaced-scaffold	1277	chrUn_DS485029v1		211000022278348
GCA_000001215.4	Primary Assembly	Un			DS485030.1	Chromosome	NW_001846319.1	unplaced-scaffold	1276	chrUn_DS485030v1		211000022280152
GCA_000001215.4	Primary Assembly	Un			DS485031.1	Chromosome	NW_001846320.1	unplaced-scaffold	1275	chrUn_DS485031v1		211000022279708
GCA_000001215.4	Primary Assembly	Un			DS485032.1	Chromosome	NW_001846321.1	unplaced-scaffold	1275	chrUn_DS485032v1		211000022279805
GCA_000001215.4	Primary Assembly	Un			DS485035.1	Chromosome	NW_001846324.1	unplaced-scaffold	1274	chrUn_DS485035v1		211000022280262
GCA_000001215.4	Primary Assembly	Un			DS485036.1	Chromosome	NW_001846325.1	unplaced-scaffold	1274	chrUn_DS485036v1		211000022279656
GCA_000001215.4	Primary Assembly	Un			DS485038.1	Chromosome	NW_001846327.1	unplaced-scaffold	1272	chrUn_DS485038v1		211000022278356
GCA_000001215.4	Primary Assembly	Un			DS485041.1	Chromosome	NW_001846330.1	unplaced-scaffold	1271	chrUn_DS485041v1		211000022280174
GCA_000001215.4	Primary Assembly	Un			DS485045.1	Chromosome	NW_001846334.1	unplaced-scaffold	1271	chrUn_DS485045v1		211000022279378
GCA_000001215.4	Primary Assembly	Un			DS485046.1	Chromosome	NW_001846335.1	unplaced-scaffold	1270	chrUn_DS485046v1		211000022279724
GCA_000001215.4	Primary Assembly	Un			DS485047.1	Chromosome	NW_001846336.1	unplaced-scaffold	1270	chrUn_DS485047v1		211000022278580
GCA_000001215.4	Primary Assembly	Un			DS485053.1	Chromosome	NW_001846342.1	unplaced-scaffold	1266	chrUn_DS485053v1		211000022279441
GCA_000001215.4	Primary Assembly	Un			DS485055.1	Chromosome	NW_001846344.1	unplaced-scaffold	1264	chrUn_DS485055v1		211000022278973
GCA_000001215.4	Primary Assembly	Un			DS485056.1	Chromosome	NW_001846345.1	unplaced-scaffold	1263	chrUn_DS485056v1		211000022278773
GCA_000001215.4	Primary Assembly	Un			DS485058.1	Chromosome	NW_001846347.1	unplaced-scaffold	1263	chrUn_DS485058v1		211000022278993
GCA_000001215.4	Primary Assembly	Un			DS485059.1	Chromosome	NW_001846348.1	unplaced-scaffold	1263	chrUn_DS485059v1		211000022279015
GCA_000001215.4	Primary Assembly	Un			DS485062.1	Chromosome	NW_001846351.1	unplaced-scaffold	1262	chrUn_DS485062v1		211000022278932
GCA_000001215.4	Primary Assembly	Un			DS485064.1	Chromosome	NW_001846353.1	unplaced-scaffold	1262	chrUn_DS485064v1		211000022278889
GCA_000001215.4	Primary Assembly	Un			DS485065.1	Chromosome	NW_001846354.1	unplaced-scaffold	1262	chrUn_DS485065v1		211000022278302
GCA_000001215.4	Primary Assembly	Un			DS485066.1	Chromosome	NW_001846355.1	unplaced-scaffold	1261	chrUn_DS485066v1		211000022279856
GCA_000001215.4	Primary Assembly	Un			DS485067.1	Chromosome	NW_001846356.1	unplaced-scaffold	1261	chrUn_DS485067v1		211000022280224
GCA_000001215.4	Primary Assembly	Un			DS485068.1	Chromosome	NW_001846357.1	unplaced-scaffold	1260	chrUn_DS485068v1		211000022279615
GCA_000001215.4	Primary Assembly	Un			DS485071.1	Chromosome	NW_001846360.1	unplaced-scaffold	1260	chrUn_DS485071v1		211000022280091
GCA_000001215.4	Primary Assembly	Un			DS485073.1	Chromosome	NW_001846362.1	unplaced-scaffold	1259	chrUn_DS485073v1		211000022278281
GCA_000001215.4	Primary Assembly	Un			DS485076.1	Chromosome	NW_001846365.1	unplaced-scaffold	1258	chrUn_DS485076v1		211000022278887
GCA_000001215.4	Primary Assembly	Un			DS485079.1	Chromosome	NW_001846368.1	unplaced-scaffold	1253	chrUn_DS485079v1		211000022279172
GCA_000001215.4	Primary Assembly	Un			DS485082.1	Chromosome	NW_001846371.1	unplaced-scaffold	1251	chrUn_DS485082v1		211000022278848
GCA_000001215.4	Primary Assembly	Un			DS485083.1	Chromosome	NW_001846372.1	unplaced-scaffold	1251	chrUn_DS485083v1		211000022280020
GCA_000001215.4	Primary Assembly	Un			DS485085.1	Chromosome	NW_001846374.1	unplaced-scaffold	1251	chrUn_DS485085v1		211000022280045
GCA_000001215.4	Primary Assembly	Un			DS485086.1	Chromosome	NW_001846375.1	unplaced-scaffold	1250	chrUn_DS485086v1		211000022278161
GCA_000001215.4	Primary Assembly	Un			DS485087.1	Chromosome	NW_001846376.1	unplaced-scaffold	1249	chrUn_DS485087v1		211000022279432
GCA_000001215.4	Primary Assembly	Un			DS485088.1	Chromosome	NW_001846377.1	unplaced-scaffold	1248	chrUn_DS485088v1		211000022279990
GCA_000001215.4	Primary Assembly	Un			DS485089.1	Chromosome	NW_001846378.1	unplaced-scaffold	1247	chrUn_DS485089v1		211000022278717
GCA_000001215.4	Primary Assembly	Un			DS485091.1	Chromosome	NW_001846380.1	unplaced-scaffold	1246	chrUn_DS485091v1		211000022280177
GCA_000001215.4	Primary Assembly	Un			DS485092.1	Chromosome	NW_001846381.1	unplaced-scaffold	1246	chrUn_DS485092v1		211000022279218
GCA_000001215.4	Primary Assembly	Un			DS485098.1	Chromosome	NW_001846387.1	unplaced-scaffold	1242	chrUn_DS485098v1		211000022280678
GCA_000001215.4	Primary Assembly	Un			DS485100.1	Chromosome	NW_001846389.1	unplaced-scaffold	1241	chrUn_DS485100v1		211000022278943
GCA_000001215.4	Primary Assembly	Un			DS485102.1	Chromosome	NW_001846391.1	unplaced-scaffold	1240	chrUn_DS485102v1		211000022278808
GCA_000001215.4	Primary Assembly	Un			DS485105.1	Chromosome	NW_001846394.1	unplaced-scaffold	1240	chrUn_DS485105v1		211000022280053
GCA_000001215.4	Primary Assembly	Un			DS485107.1	Chromosome	NW_001846396.1	unplaced-scaffold	1239	chrUn_DS485107v1		211000022280304
GCA_000001215.4	Primary Assembly	Un			DS485117.1	Chromosome	NW_001846406.1	unplaced-scaffold	1236	chrUn_DS485117v1		211000022279124
GCA_000001215.4	Primary Assembly	Un			DS485118.1	Chromosome	NW_001846407.1	unplaced-scaffold	1235	chrUn_DS485118v1		211000022279412
GCA_000001215.4	Primary Assembly	Un			DS485122.1	Chromosome	NW_001846411.1	unplaced-scaffold	1234	chrUn_DS485122v1		211000022279267
GCA_000001215.4	Primary Assembly	Un			DS485123.1	Chromosome	NW_001846412.1	unplaced-scaffold	1234	chrUn_DS485123v1		211000022278369
GCA_000001215.4	Primary Assembly	Un			DS485125.1	Chromosome	NW_001846414.1	unplaced-scaffold	1234	chrUn_DS485125v1		211000022279728
GCA_000001215.4	Primary Assembly	Un			DS485127.1	Chromosome	NW_001846416.1	unplaced-scaffold	1233	chrUn_DS485127v1		211000022279417
GCA_000001215.4	Primary Assembly	Un			DS485130.1	Chromosome	NW_001846419.1	unplaced-scaffold	1232	chrUn_DS485130v1		211000022278136
GCA_000001215.4	Primary Assembly	Un			DS485132.1	Chromosome	NW_001846421.1	unplaced-scaffold	1231	chrUn_DS485132v1		211000022278727
GCA_000001215.4	Primary Assembly	Un			DS485133.1	Chromosome	NW_001846422.1	unplaced-scaffold	1231	chrUn_DS485133v1		211000022279183
GCA_000001215.4	Primary Assembly	Un			DS485134.1	Chromosome	NW_001846423.1	unplaced-scaffold	1231	chrUn_DS485134v1		211000022280210
GCA_000001215.4	Primary Assembly	Un			DS485136.1	Chromosome	NW_001846425.1	unplaced-scaffold	1231	chrUn_DS485136v1		211000022279144
GCA_000001215.4	Primary Assembly	Un			DS485138.1	Chromosome	NW_001846427.1	unplaced-scaffold	1229	chrUn_DS485138v1		211000022278582
GCA_000001215.4	Primary Assembly	Un			DS485140.1	Chromosome	NW_001846429.1	unplaced-scaffold	1229	chrUn_DS485140v1		211000022280179
GCA_000001215.4	Primary Assembly	Un			DS485144.1	Chromosome	NW_001846433.1	unplaced-scaffold	1227	chrUn_DS485144v1		211000022280318
GCA_000001215.4	Primary Assembly	Un			DS485146.1	Chromosome	NW_001846435.1	unplaced-scaffold	1227	chrUn_DS485146v1		211000022279645
GCA_000001215.4	Primary Assembly	Un			DS485148.1	Chromosome	NW_001846437.1	unplaced-scaffold	1227	chrUn_DS485148v1		211000022279156
GCA_000001215.4	Primary Assembly	Un			DS485149.1	Chromosome	NW_001846438.1	unplaced-scaffold	1226	chrUn_DS485149v1		211000022279778
GCA_000001215.4	Primary Assembly	Un			DS485150.1	Chromosome	NW_001846439.1	unplaced-scaffold	1226	chrUn_DS485150v1		211000022278242
GCA_000001215.4	Primary Assembly	Un			DS485151.1	Chromosome	NW_001846440.1	unplaced-scaffold	1226	chrUn_DS485151v1		211000022279979
GCA_000001215.4	Primary Assembly	Un			DS485152.1	Chromosome	NW_001846441.1	unplaced-scaffold	1225	chrUn_DS485152v1		211000022280085
GCA_000001215.4	Primary Assembly	Un			DS485153.1	Chromosome	NW_001846442.1	unplaced-scaffold	1225	chrUn_DS485153v1		211000022278755
GCA_000001215.4	Primary Assembly	Un			DS485154.1	Chromosome	NW_001846443.1	unplaced-scaffold	1225	chrUn_DS485154v1		211000022280126
GCA_000001215.4	Primary Assembly	Un			DS485155.1	Chromosome	NW_001846444.1	unplaced-scaffold	1225	chrUn_DS485155v1		211000022280303
GCA_000001215.4	Primary Assembly	Un			DS485156.1	Chromosome	NW_001846445.1	unplaced-scaffold	1225	chrUn_DS485156v1		211000022279128
GCA_000001215.4	Primary Assembly	Un			DS485157.1	Chromosome	NW_001846446.1	unplaced-scaffold	1225	chrUn_DS485157v1		211000022280139
GCA_000001215.4	Primary Assembly	Un			DS485160.1	Chromosome	NW_001846449.1	unplaced-scaffold	1224	chrUn_DS485160v1		211000022279590
GCA_000001215.4	Primary Assembly	Un			DS485161.1	Chromosome	NW_001846450.1	unplaced-scaffold	1224	chrUn_DS485161v1		211000022279682
GCA_000001215.4	Primary Assembly	Un			DS485162.1	Chromosome	NW_001846451.1	unplaced-scaffold	1223	chrUn_DS485162v1		211000022280308
GCA_000001215.4	Primary Assembly	Un			DS485163.1	Chromosome	NW_001846452.1	unplaced-scaffold	1223	chrUn_DS485163v1		211000022278758
GCA_000001215.4	Primary Assembly	Un			DS485165.1	Chromosome	NW_001846454.1	unplaced-scaffold	1222	chrUn_DS485165v1		211000022278651
GCA_000001215.4	Primary Assembly	Un			DS485169.1	Chromosome	NW_001846458.1	unplaced-scaffold	1220	chrUn_DS485169v1		211000022280230
GCA_000001215.4	Primary Assembly	Un			DS485173.1	Chromosome	NW_001846462.1	unplaced-scaffold	1219	chrUn_DS485173v1		211000022279017
GCA_000001215.4	Primary Assembly	Un			DS485174.1	Chromosome	NW_001846463.1	unplaced-scaffold	1219	chrUn_DS485174v1		211000022279647
GCA_000001215.4	Primary Assembly	Un			DS485176.1	Chromosome	NW_001846465.1	unplaced-scaffold	1219	chrUn_DS485176v1		211000022280081
GCA_000001215.4	Primary Assembly	Un			DS485177.1	Chromosome	NW_001846466.1	unplaced-scaffold	1218	chrUn_DS485177v1		211000022279872
GCA_000001215.4	Primary Assembly	Un			DS485181.1	Chromosome	NW_001846470.1	unplaced-scaffold	1214	chrUn_DS485181v1		211000022278196
GCA_000001215.4	Primary Assembly	Un			DS485182.1	Chromosome	NW_001846471.1	unplaced-scaffold	1213	chrUn_DS485182v1		211000022280691
GCA_000001215.4	Primary Assembly	Un			DS485184.1	Chromosome	NW_001846473.1	unplaced-scaffold	1212	chrUn_DS485184v1		211000022279554
GCA_000001215.4	Primary Assembly	Un			DS485190.1	Chromosome	NW_001846479.1	unplaced-scaffold	1211	chrUn_DS485190v1		211000022279991
GCA_000001215.4	Primary Assembly	Un			DS485192.1	Chromosome	NW_001846481.1	unplaced-scaffold	1210	chrUn_DS485192v1		211000022279185
GCA_000001215.4	Primary Assembly	Un			DS485194.1	Chromosome	NW_001846483.1	unplaced-scaffold	1209	chrUn_DS485194v1		211000022279648
GCA_000001215.4	Primary Assembly	Un			DS485198.1	Chromosome	NW_001846487.1	unplaced-scaffold	1209	chrUn_DS485198v1		211000022280314
GCA_000001215.4	Primary Assembly	Un			DS485199.1	Chromosome	NW_001846488.1	unplaced-scaffold	1208	chrUn_DS485199v1		211000022278748
GCA_000001215.4	Primary Assembly	Un			DS485200.1	Chromosome	NW_001846489.1	unplaced-scaffold	1208	chrUn_DS485200v1		211000022279729
GCA_000001215.4	Primary Assembly	Un			DS485203.1	Chromosome	NW_001846492.1	unplaced-scaffold	1208	chrUn_DS485203v1		211000022279480
GCA_000001215.4	Primary Assembly	Un			DS485204.1	Chromosome	NW_001846493.1	unplaced-scaffold	1207	chrUn_DS485204v1		211000022279819
GCA_000001215.4	Primary Assembly	Un			DS485205.1	Chromosome	NW_001846494.1	unplaced-scaffold	1206	chrUn_DS485205v1		211000022278409
GCA_000001215.4	Primary Assembly	Un			DS485208.1	Chromosome	NW_001846497.1	unplaced-scaffold	1205	chrUn_DS485208v1		211000022279591
GCA_000001215.4	Primary Assembly	Un			DS485209.1	Chromosome	NW_001846498.1	unplaced-scaffold	1205	chrUn_DS485209v1		211000022278729
GCA_000001215.4	Primary Assembly	Un			DS485211.1	Chromosome	NW_001846500.1	unplaced-scaffold	1205	chrUn_DS485211v1		211000022279853
GCA_000001215.4	Primary Assembly	Un			DS485215.1	Chromosome	NW_001846504.1	unplaced-scaffold	1203	chrUn_DS485215v1		211000022279445
GCA_000001215.4	Primary Assembly	Un			DS485216.1	Chromosome	NW_001846505.1	unplaced-scaffold	1203	chrUn_DS485216v1		211000022280154
GCA_000001215.4	Primary Assembly	Un			DS485218.1	Chromosome	NW_001846507.1	unplaced-scaffold	1203	chrUn_DS485218v1		211000022279425
GCA_000001215.4	Primary Assembly	Un			DS485220.1	Chromosome	NW_001846509.1	unplaced-scaffold	1202	chrUn_DS485220v1		211000022279413
GCA_000001215.4	Primary Assembly	Un			DS485221.1	Chromosome	NW_001846510.1	unplaced-scaffold	1201	chrUn_DS485221v1		211000022280120
GCA_000001215.4	Primary Assembly	Un			DS485223.1	Chromosome	NW_001846512.1	unplaced-scaffold	1200	chrUn_DS485223v1		211000022278430
GCA_000001215.4	Primary Assembly	Un			DS485224.1	Chromosome	NW_001846513.1	unplaced-scaffold	1200	chrUn_DS485224v1		211000022279127
GCA_000001215.4	Primary Assembly	Un			DS485226.1	Chromosome	NW_001846515.1	unplaced-scaffold	1199	chrUn_DS485226v1		211000022278503
GCA_000001215.4	Primary Assembly	Un			DS485227.1	Chromosome	NW_001846516.1	unplaced-scaffold	1199	chrUn_DS485227v1		211000022280121
GCA_000001215.4	Primary Assembly	Un			DS485228.1	Chromosome	NW_001846517.1	unplaced-scaffold	1198	chrUn_DS485228v1		211000022279555
GCA_000001215.4	Primary Assembly	Un			DS485229.1	Chromosome	NW_001846518.1	unplaced-scaffold	1198	chrUn_DS485229v1		211000022278569
GCA_000001215.4	Primary Assembly	Un			DS485230.1	Chromosome	NW_001846519.1	unplaced-scaffold	1197	chrUn_DS485230v1		211000022280345
GCA_000001215.4	Primary Assembly	Un			DS485233.1	Chromosome	NW_001846522.1	unplaced-scaffold	1197	chrUn_DS485233v1		211000022279462
GCA_000001215.4	Primary Assembly	Un			DS485239.1	Chromosome	NW_001846528.1	unplaced-scaffold	1195	chrUn_DS485239v1		211000022278290
GCA_000001215.4	Primary Assembly	Un			DS485240.1	Chromosome	NW_001846529.1	unplaced-scaffold	1195	chrUn_DS485240v1		211000022278547
GCA_000001215.4	Primary Assembly	Un			DS485242.1	Chromosome	NW_001846531.1	unplaced-scaffold	1194	chrUn_DS485242v1		211000022278769
GCA_000001215.4	Primary Assembly	Un			DS485243.1	Chromosome	NW_001846532.1	unplaced-scaffold	1193	chrUn_DS485243v1		211000022279444
GCA_000001215.4	Primary Assembly	Un			DS485245.1	Chromosome	NW_001846534.1	unplaced-scaffold	1193	chrUn_DS485245v1		211000022280076
GCA_000001215.4	Primary Assembly	Un			DS485246.1	Chromosome	NW_001846535.1	unplaced-scaffold	1193	chrUn_DS485246v1		211000022278171
GCA_000001215.4	Primary Assembly	Un			DS485247.1	Chromosome	NW_001846536.1	unplaced-scaffold	1193	chrUn_DS485247v1		211000022279758
GCA_000001215.4	Primary Assembly	Un			DS485249.1	Chromosome	NW_001846538.1	unplaced-scaffold	1192	chrUn_DS485249v1		211000022278951
GCA_000001215.4	Primary Assembly	Un			DS485251.1	Chromosome	NW_001846540.1	unplaced-scaffold	1192	chrUn_DS485251v1		211000022279498
GCA_000001215.4	Primary Assembly	Un			DS485252.1	Chromosome	NW_001846541.1	unplaced-scaffold	1191	chrUn_DS485252v1		211000022280083
GCA_000001215.4	Primary Assembly	Un			DS485253.1	Chromosome	NW_001846542.1	unplaced-scaffold	1191	chrUn_DS485253v1		211000022279789
GCA_000001215.4	Primary Assembly	Un			DS485254.1	Chromosome	NW_001846543.1	unplaced-scaffold	1190	chrUn_DS485254v1		211000022278407
GCA_000001215.4	Primary Assembly	Un			DS485255.1	Chromosome	NW_001846544.1	unplaced-scaffold	1190	chrUn_DS485255v1		211000022278668
GCA_000001215.4	Primary Assembly	Un			DS485256.1	Chromosome	NW_001846545.1	unplaced-scaffold	1190	chrUn_DS485256v1		211000022280319
GCA_000001215.4	Primary Assembly	Un			DS485258.1	Chromosome	NW_001846547.1	unplaced-scaffold	1189	chrUn_DS485258v1		211000022279738
GCA_000001215.4	Primary Assembly	Un			DS485259.1	Chromosome	NW_001846548.1	unplaced-scaffold	1189	chrUn_DS485259v1		211000022280689
GCA_000001215.4	Primary Assembly	Un			DS485260.1	Chromosome	NW_001846549.1	unplaced-scaffold	1189	chrUn_DS485260v1		211000022279095
GCA_000001215.4	Primary Assembly	Un			DS485261.1	Chromosome	NW_001846550.1	unplaced-scaffold	1189	chrUn_DS485261v1		211000022278370
GCA_000001215.4	Primary Assembly	Un			DS485263.1	Chromosome	NW_001846552.1	unplaced-scaffold	1188	chrUn_DS485263v1		211000022279508
GCA_000001215.4	Primary Assembly	Un			DS485264.1	Chromosome	NW_001846553.1	unplaced-scaffold	1186	chrUn_DS485264v1		211000022279406
GCA_000001215.4	Primary Assembly	Un			DS485265.1	Chromosome	NW_001846554.1	unplaced-scaffold	1186	chrUn_DS485265v1		211000022279660
GCA_000001215.4	Primary Assembly	Un			DS485270.1	Chromosome	NW_001846559.1	unplaced-scaffold	1185	chrUn_DS485270v1		211000022278091
GCA_000001215.4	Primary Assembly	Un			DS485273.1	Chromosome	NW_001846562.1	unplaced-scaffold	1185	chrUn_DS485273v1		211000022279358
GCA_000001215.4	Primary Assembly	Un			DS485275.1	Chromosome	NW_001846564.1	unplaced-scaffold	1185	chrUn_DS485275v1		211000022279631
GCA_000001215.4	Primary Assembly	Un			DS485280.1	Chromosome	NW_001846569.1	unplaced-scaffold	1184	chrUn_DS485280v1		211000022278202
GCA_000001215.4	Primary Assembly	Un			DS485284.1	Chromosome	NW_001846573.1	unplaced-scaffold	1182	chrUn_DS485284v1		211000022280194
GCA_000001215.4	Primary Assembly	Un			DS485285.1	Chromosome	NW_001846574.1	unplaced-scaffold	1181	chrUn_DS485285v1		211000022278429
GCA_000001215.4	Primary Assembly	Un			DS485290.1	Chromosome	NW_001846579.1	unplaced-scaffold	1179	chrUn_DS485290v1		211000022278702
GCA_000001215.4	Primary Assembly	Un			DS485291.1	Chromosome	NW_001846580.1	unplaced-scaffold	1179	chrUn_DS485291v1		211000022279375
GCA_000001215.4	Primary Assembly	Un			DS485292.1	Chromosome	NW_001846581.1	unplaced-scaffold	1179	chrUn_DS485292v1		211000022279622
GCA_000001215.4	Primary Assembly	Un			DS485294.1	Chromosome	NW_001846583.1	unplaced-scaffold	1178	chrUn_DS485294v1		211000022278166
GCA_000001215.4	Primary Assembly	Un			DS485296.1	Chromosome	NW_001846585.1	unplaced-scaffold	1178	chrUn_DS485296v1		211000022278265
GCA_000001215.4	Primary Assembly	Un			DS485297.1	Chromosome	NW_001846586.1	unplaced-scaffold	1178	chrUn_DS485297v1		211000022280225
GCA_000001215.4	Primary Assembly	Un			DS485298.1	Chromosome	NW_001846587.1	unplaced-scaffold	1178	chrUn_DS485298v1		211000022279317
GCA_000001215.4	Primary Assembly	Un			DS485301.1	Chromosome	NW_001846590.1	unplaced-scaffold	1177	chrUn_DS485301v1		211000022280183
GCA_000001215.4	Primary Assembly	Un			DS485304.1	Chromosome	NW_001846593.1	unplaced-scaffold	1175	chrUn_DS485304v1		211000022278497
GCA_000001215.4	Primary Assembly	Un			DS485306.1	Chromosome	NW_001846595.1	unplaced-scaffold	1174	chrUn_DS485306v1		211000022279811
GCA_000001215.4	Primary Assembly	Un			DS485309.1	Chromosome	NW_001846598.1	unplaced-scaffold	1173	chrUn_DS485309v1		211000022279360
GCA_000001215.4	Primary Assembly	Un			DS485311.1	Chromosome	NW_001846600.1	unplaced-scaffold	1173	chrUn_DS485311v1		211000022278688
GCA_000001215.4	Primary Assembly	Un			DS485313.1	Chromosome	NW_001846602.1	unplaced-scaffold	1171	chrUn_DS485313v1		211000022278432
GCA_000001215.4	Primary Assembly	Un			DS485314.1	Chromosome	NW_001846603.1	unplaced-scaffold	1171	chrUn_DS485314v1		211000022279956
GCA_000001215.4	Primary Assembly	Un			DS485319.1	Chromosome	NW_001846608.1	unplaced-scaffold	1169	chrUn_DS485319v1		211000022279668
GCA_000001215.4	Primary Assembly	Un			DS485322.1	Chromosome	NW_001846611.1	unplaced-scaffold	1168	chrUn_DS485322v1		211000022278940
GCA_000001215.4	Primary Assembly	Un			DS485323.1	Chromosome	NW_001846612.1	unplaced-scaffold	1167	chrUn_DS485323v1		211000022280257
GCA_000001215.4	Primary Assembly	Un			DS485324.1	Chromosome	NW_001846613.1	unplaced-scaffold	1167	chrUn_DS485324v1		211000022278897
GCA_000001215.4	Primary Assembly	Un			DS485325.1	Chromosome	NW_001846614.1	unplaced-scaffold	1167	chrUn_DS485325v1		211000022278781
GCA_000001215.4	Primary Assembly	Un			DS485326.1	Chromosome	NW_001846615.1	unplaced-scaffold	1166	chrUn_DS485326v1		211000022279549
GCA_000001215.4	Primary Assembly	Un			DS485330.1	Chromosome	NW_001846619.1	unplaced-scaffold	1166	chrUn_DS485330v1		211000022280164
GCA_000001215.4	Primary Assembly	Un			DS485331.1	Chromosome	NW_001846620.1	unplaced-scaffold	1165	chrUn_DS485331v1		211000022278673
GCA_000001215.4	Primary Assembly	Un			DS485333.1	Chromosome	NW_001846622.1	unplaced-scaffold	1165	chrUn_DS485333v1		211000022278423
GCA_000001215.4	Primary Assembly	Un			DS485337.1	Chromosome	NW_001846626.1	unplaced-scaffold	1163	chrUn_DS485337v1		211000022278267
GCA_000001215.4	Primary Assembly	Un			DS485338.1	Chromosome	NW_001846627.1	unplaced-scaffold	1163	chrUn_DS485338v1		211000022279655
GCA_000001215.4	Primary Assembly	Un			DS485339.1	Chromosome	NW_001846628.1	unplaced-scaffold	1163	chrUn_DS485339v1		211000022278296
GCA_000001215.4	Primary Assembly	Un			DS485340.1	Chromosome	NW_001846629.1	unplaced-scaffold	1163	chrUn_DS485340v1		211000022278119
GCA_000001215.4	Primary Assembly	Un			DS485341.1	Chromosome	NW_001846630.1	unplaced-scaffold	1162	chrUn_DS485341v1		211000022278313
GCA_000001215.4	Primary Assembly	Un			DS485342.1	Chromosome	NW_001846631.1	unplaced-scaffold	1162	chrUn_DS485342v1		211000022278520
GCA_000001215.4	Primary Assembly	Un			DS485349.1	Chromosome	NW_001846638.1	unplaced-scaffold	1161	chrUn_DS485349v1		211000022278708
GCA_000001215.4	Primary Assembly	Un			DS485353.1	Chromosome	NW_001846642.1	unplaced-scaffold	1160	chrUn_DS485353v1		211000022278901
GCA_000001215.4	Primary Assembly	Un			DS485354.1	Chromosome	NW_001846643.1	unplaced-scaffold	1160	chrUn_DS485354v1		211000022278184
GCA_000001215.4	Primary Assembly	Un			DS485356.1	Chromosome	NW_001846645.1	unplaced-scaffold	1160	chrUn_DS485356v1		211000022278170
GCA_000001215.4	Primary Assembly	Un			DS485357.1	Chromosome	NW_001846646.1	unplaced-scaffold	1159	chrUn_DS485357v1		211000022278403
GCA_000001215.4	Primary Assembly	Un			DS485361.1	Chromosome	NW_001846650.1	unplaced-scaffold	1159	chrUn_DS485361v1		211000022279135
GCA_000001215.4	Primary Assembly	Un			DS485362.1	Chromosome	NW_001846651.1	unplaced-scaffold	1158	chrUn_DS485362v1		211000022278946
GCA_000001215.4	Primary Assembly	Un			DS485365.1	Chromosome	NW_001846654.1	unplaced-scaffold	1157	chrUn_DS485365v1		211000022278416
GCA_000001215.4	Primary Assembly	Un			DS485368.1	Chromosome	NW_001846657.1	unplaced-scaffold	1157	chrUn_DS485368v1		211000022279069
GCA_000001215.4	Primary Assembly	Un			DS485370.1	Chromosome	NW_001846659.1	unplaced-scaffold	1156	chrUn_DS485370v1		211000022279448
GCA_000001215.4	Primary Assembly	Un			DS485371.1	Chromosome	NW_001846660.1	unplaced-scaffold	1156	chrUn_DS485371v1		211000022279309
GCA_000001215.4	Primary Assembly	Un			DS485376.1	Chromosome	NW_001846665.1	unplaced-scaffold	1155	chrUn_DS485376v1		211000022278283
GCA_000001215.4	Primary Assembly	Un			DS485379.1	Chromosome	NW_001846668.1	unplaced-scaffold	1154	chrUn_DS485379v1		211000022279474
GCA_000001215.4	Primary Assembly	Un			DS485381.1	Chromosome	NW_001846670.1	unplaced-scaffold	1154	chrUn_DS485381v1		211000022278295
GCA_000001215.4	Primary Assembly	Un			DS485382.1	Chromosome	NW_001846671.1	unplaced-scaffold	1154	chrUn_DS485382v1		211000022279726
GCA_000001215.4	Primary Assembly	Un			DS485383.1	Chromosome	NW_001846672.1	unplaced-scaffold	1154	chrUn_DS485383v1		211000022279469
GCA_000001215.4	Primary Assembly	Un			DS485385.1	Chromosome	NW_001846674.1	unplaced-scaffold	1153	chrUn_DS485385v1		211000022280688
GCA_000001215.4	Primary Assembly	Un			DS485386.1	Chromosome	NW_001846675.1	unplaced-scaffold	1153	chrUn_DS485386v1		211000022278174
GCA_000001215.4	Primary Assembly	Un			DS485387.1	Chromosome	NW_001846676.1	unplaced-scaffold	1152	chrUn_DS485387v1		211000022278391
GCA_000001215.4	Primary Assembly	Un			DS485389.1	Chromosome	NW_001846678.1	unplaced-scaffold	1152	chrUn_DS485389v1		211000022280056
GCA_000001215.4	Primary Assembly	Un			DS485390.1	Chromosome	NW_001846679.1	unplaced-scaffold	1152	chrUn_DS485390v1		211000022278134
GCA_000001215.4	Primary Assembly	Un			DS485392.1	Chromosome	NW_001846681.1	unplaced-scaffold	1151	chrUn_DS485392v1		211000022279487
GCA_000001215.4	Primary Assembly	Un			DS485393.1	Chromosome	NW_001846682.1	unplaced-scaffold	1150	chrUn_DS485393v1		211000022280106
GCA_000001215.4	Primary Assembly	Un			DS485395.1	Chromosome	NW_001846684.1	unplaced-scaffold	1150	chrUn_DS485395v1		211000022278870
GCA_000001215.4	Primary Assembly	Un			DS485397.1	Chromosome	NW_001846686.1	unplaced-scaffold	1148	chrUn_DS485397v1		211000022279722
GCA_000001215.4	Primary Assembly	Un			DS485398.1	Chromosome	NW_001846687.1	unplaced-scaffold	1148	chrUn_DS485398v1		211000022278096
GCA_000001215.4	Primary Assembly	Un			DS485400.1	Chromosome	NW_001846689.1	unplaced-scaffold	1148	chrUn_DS485400v1		211000022280124
GCA_000001215.4	Primary Assembly	Un			DS485401.1	Chromosome	NW_001846690.1	unplaced-scaffold	1148	chrUn_DS485401v1		211000022279232
GCA_000001215.4	Primary Assembly	Un			DS485403.1	Chromosome	NW_001846692.1	unplaced-scaffold	1148	chrUn_DS485403v1		211000022278191
GCA_000001215.4	Primary Assembly	Un			DS485407.1	Chromosome	NW_001846696.1	unplaced-scaffold	1147	chrUn_DS485407v1		211000022278401
GCA_000001215.4	Primary Assembly	Un			DS485410.1	Chromosome	NW_001846699.1	unplaced-scaffold	1147	chrUn_DS485410v1		211000022280130
GCA_000001215.4	Primary Assembly	Un			DS485411.1	Chromosome	NW_001846700.1	unplaced-scaffold	1146	chrUn_DS485411v1		211000022279148
GCA_000001215.4	Primary Assembly	Un			DS485415.1	Chromosome	NW_001846704.1	unplaced-scaffold	1146	chrUn_DS485415v1		211000022278663
GCA_000001215.4	Primary Assembly	Un			DS485419.1	Chromosome	NW_001846708.1	unplaced-scaffold	1144	chrUn_DS485419v1		211000022280180
GCA_000001215.4	Primary Assembly	Un			DS485420.1	Chromosome	NW_001846709.1	unplaced-scaffold	1144	chrUn_DS485420v1		211000022279175
GCA_000001215.4	Primary Assembly	Un			DS485421.1	Chromosome	NW_001846710.1	unplaced-scaffold	1144	chrUn_DS485421v1		211000022278263
GCA_000001215.4	Primary Assembly	Un			DS485424.1	Chromosome	NW_001846713.1	unplaced-scaffold	1143	chrUn_DS485424v1		211000022280704
GCA_000001215.4	Primary Assembly	Un			DS485425.1	Chromosome	NW_001846714.1	unplaced-scaffold	1143	chrUn_DS485425v1		211000022278033
GCA_000001215.4	Primary Assembly	Un			DS485426.1	Chromosome	NW_001846715.1	unplaced-scaffold	1142	chrUn_DS485426v1		211000022280018
GCA_000001215.4	Primary Assembly	Un			DS485428.1	Chromosome	NW_001846717.1	unplaced-scaffold	1142	chrUn_DS485428v1		211000022279361
GCA_000001215.4	Primary Assembly	Un			DS485429.1	Chromosome	NW_001846718.1	unplaced-scaffold	1141	chrUn_DS485429v1		211000022279987
GCA_000001215.4	Primary Assembly	Un			DS485433.1	Chromosome	NW_001846722.1	unplaced-scaffold	1140	chrUn_DS485433v1		211000022278143
GCA_000001215.4	Primary Assembly	Un			DS485434.1	Chromosome	NW_001846723.1	unplaced-scaffold	1140	chrUn_DS485434v1		211000022279603
GCA_000001215.4	Primary Assembly	Un			DS485437.1	Chromosome	NW_001846726.1	unplaced-scaffold	1140	chrUn_DS485437v1		211000022278745
GCA_000001215.4	Primary Assembly	Un			DS485438.1	Chromosome	NW_001846727.1	unplaced-scaffold	1139	chrUn_DS485438v1		211000022278807
GCA_000001215.4	Primary Assembly	Un			DS485439.1	Chromosome	NW_001846728.1	unplaced-scaffold	1139	chrUn_DS485439v1		211000022279418
GCA_000001215.4	Primary Assembly	Un			DS485441.1	Chromosome	NW_001846730.1	unplaced-scaffold	1139	chrUn_DS485441v1		211000022279422
GCA_000001215.4	Primary Assembly	Un			DS485442.1	Chromosome	NW_001846731.1	unplaced-scaffold	1139	chrUn_DS485442v1		211000022278928
GCA_000001215.4	Primary Assembly	Un			DS485443.1	Chromosome	NW_001846732.1	unplaced-scaffold	1138	chrUn_DS485443v1		211000022278294
GCA_000001215.4	Primary Assembly	Un			DS485448.1	Chromosome	NW_001846737.1	unplaced-scaffold	1137	chrUn_DS485448v1		211000022280232
GCA_000001215.4	Primary Assembly	Un			DS485451.1	Chromosome	NW_001846740.1	unplaced-scaffold	1136	chrUn_DS485451v1		211000022278333
GCA_000001215.4	Primary Assembly	Un			DS485453.1	Chromosome	NW_001846742.1	unplaced-scaffold	1136	chrUn_DS485453v1		211000022279222
GCA_000001215.4	Primary Assembly	Un			DS485456.1	Chromosome	NW_001846745.1	unplaced-scaffold	1135	chrUn_DS485456v1		211000022279115
GCA_000001215.4	Primary Assembly	Un			DS485457.1	Chromosome	NW_001846746.1	unplaced-scaffold	1135	chrUn_DS485457v1		211000022278221
GCA_000001215.4	Primary Assembly	Un			DS485461.1	Chromosome	NW_001846750.1	unplaced-scaffold	1134	chrUn_DS485461v1		211000022279747
GCA_000001215.4	Primary Assembly	Un			DS485462.1	Chromosome	NW_001846751.1	unplaced-scaffold	1134	chrUn_DS485462v1		211000022278750
GCA_000001215.4	Primary Assembly	Un			DS485464.1	Chromosome	NW_001846753.1	unplaced-scaffold	1133	chrUn_DS485464v1		211000022279744
GCA_000001215.4	Primary Assembly	Un			DS485466.1	Chromosome	NW_001846755.1	unplaced-scaffold	1133	chrUn_DS485466v1		211000022278958
GCA_000001215.4	Primary Assembly	Un			DS485467.1	Chromosome	NW_001846756.1	unplaced-scaffold	1132	chrUn_DS485467v1		211000022278140
GCA_000001215.4	Primary Assembly	Un			DS485468.1	Chromosome	NW_001846757.1	unplaced-scaffold	1132	chrUn_DS485468v1		211000022279125
GCA_000001215.4	Primary Assembly	Un			DS485469.1	Chromosome	NW_001846758.1	unplaced-scaffold	1132	chrUn_DS485469v1		211000022279088
GCA_000001215.4	Primary Assembly	Un			DS485472.1	Chromosome	NW_001846761.1	unplaced-scaffold	1131	chrUn_DS485472v1		211000022278977
GCA_000001215.4	Primary Assembly	Un			DS485475.1	Chromosome	NW_001846764.1	unplaced-scaffold	1130	chrUn_DS485475v1		211000022278445
GCA_000001215.4	Primary Assembly	Un			DS485477.1	Chromosome	NW_001846766.1	unplaced-scaffold	1130	chrUn_DS485477v1		211000022278788
GCA_000001215.4	Primary Assembly	Un			DS485481.1	Chromosome	NW_001846770.1	unplaced-scaffold	1129	chrUn_DS485481v1		211000022279899
GCA_000001215.4	Primary Assembly	Un			DS485482.1	Chromosome	NW_001846771.1	unplaced-scaffold	1129	chrUn_DS485482v1		211000022279684
GCA_000001215.4	Primary Assembly	Un			DS485488.1	Chromosome	NW_001846777.1	unplaced-scaffold	1127	chrUn_DS485488v1		211000022278920
GCA_000001215.4	Primary Assembly	Un			DS485490.1	Chromosome	NW_001846779.1	unplaced-scaffold	1127	chrUn_DS485490v1		211000022278072
GCA_000001215.4	Primary Assembly	Un			DS485491.1	Chromosome	NW_001846780.1	unplaced-scaffold	1126	chrUn_DS485491v1		211000022279564
GCA_000001215.4	Primary Assembly	Un			DS485494.1	Chromosome	NW_001846783.1	unplaced-scaffold	1126	chrUn_DS485494v1		211000022279212
GCA_000001215.4	Primary Assembly	Un			DS485495.1	Chromosome	NW_001846784.1	unplaced-scaffold	1126	chrUn_DS485495v1		211000022278123
GCA_000001215.4	Primary Assembly	Un			DS485496.1	Chromosome	NW_001846785.1	unplaced-scaffold	1126	chrUn_DS485496v1		211000022278412
GCA_000001215.4	Primary Assembly	Un			DS485497.1	Chromosome	NW_001846786.1	unplaced-scaffold	1125	chrUn_DS485497v1		211000022279407
GCA_000001215.4	Primary Assembly	Un			DS485498.1	Chromosome	NW_001846787.1	unplaced-scaffold	1125	chrUn_DS485498v1		211000022278877
GCA_000001215.4	Primary Assembly	Un			DS485500.1	Chromosome	NW_001846789.1	unplaced-scaffold	1124	chrUn_DS485500v1		211000022279652
GCA_000001215.4	Primary Assembly	Un			DS485501.1	Chromosome	NW_001846790.1	unplaced-scaffold	1124	chrUn_DS485501v1		211000022278751
GCA_000001215.4	Primary Assembly	Un			DS485503.1	Chromosome	NW_001846792.1	unplaced-scaffold	1123	chrUn_DS485503v1		211000022280268
GCA_000001215.4	Primary Assembly	Un			DS485504.1	Chromosome	NW_001846793.1	unplaced-scaffold	1123	chrUn_DS485504v1		211000022278145
GCA_000001215.4	Primary Assembly	Un			DS485505.1	Chromosome	NW_001846794.1	unplaced-scaffold	1123	chrUn_DS485505v1		211000022278328
GCA_000001215.4	Primary Assembly	Un			DS485506.1	Chromosome	NW_001846795.1	unplaced-scaffold	1123	chrUn_DS485506v1		211000022278511
GCA_000001215.4	Primary Assembly	Un			DS485509.1	Chromosome	NW_001846798.1	unplaced-scaffold	1123	chrUn_DS485509v1		211000022279055
GCA_000001215.4	Primary Assembly	Un			DS485515.1	Chromosome	NW_001846804.1	unplaced-scaffold	1120	chrUn_DS485515v1		211000022278747
GCA_000001215.4	Primary Assembly	Un			DS485517.1	Chromosome	NW_001846806.1	unplaced-scaffold	1119	chrUn_DS485517v1		211000022279240
GCA_000001215.4	Primary Assembly	Un			DS485518.1	Chromosome	NW_001846807.1	unplaced-scaffold	1119	chrUn_DS485518v1		211000022279221
GCA_000001215.4	Primary Assembly	Un			DS485520.1	Chromosome	NW_001846809.1	unplaced-scaffold	1118	chrUn_DS485520v1		211000022279400
GCA_000001215.4	Primary Assembly	Un			DS485521.1	Chromosome	NW_001846810.1	unplaced-scaffold	1118	chrUn_DS485521v1		211000022279493
GCA_000001215.4	Primary Assembly	Un			DS485522.1	Chromosome	NW_001846811.1	unplaced-scaffold	1118	chrUn_DS485522v1		211000022278514
GCA_000001215.4	Primary Assembly	Un			DS485525.1	Chromosome	NW_001846814.1	unplaced-scaffold	1117	chrUn_DS485525v1		211000022279985
GCA_000001215.4	Primary Assembly	Un			DS485526.1	Chromosome	NW_001846815.1	unplaced-scaffold	1117	chrUn_DS485526v1		211000022278944
GCA_000001215.4	Primary Assembly	Un			DS485527.1	Chromosome	NW_001846816.1	unplaced-scaffold	1117	chrUn_DS485527v1		211000022279632
GCA_000001215.4	Primary Assembly	Un			DS485528.1	Chromosome	NW_001846817.1	unplaced-scaffold	1117	chrUn_DS485528v1		211000022279576
GCA_000001215.4	Primary Assembly	Un			DS485529.1	Chromosome	NW_001846818.1	unplaced-scaffold	1117	chrUn_DS485529v1		211000022279042
GCA_000001215.4	Primary Assembly	Un			DS485530.1	Chromosome	NW_001846819.1	unplaced-scaffold	1117	chrUn_DS485530v1		211000022279769
GCA_000001215.4	Primary Assembly	Un			DS485531.1	Chromosome	NW_001846820.1	unplaced-scaffold	1116	chrUn_DS485531v1		211000022279203
GCA_000001215.4	Primary Assembly	Un			DS485533.1	Chromosome	NW_001846822.1	unplaced-scaffold	1116	chrUn_DS485533v1		211000022279618
GCA_000001215.4	Primary Assembly	Un			DS485535.1	Chromosome	NW_001846824.1	unplaced-scaffold	1116	chrUn_DS485535v1		211000022279845
GCA_000001215.4	Primary Assembly	Un			DS485536.1	Chromosome	NW_001846825.1	unplaced-scaffold	1116	chrUn_DS485536v1		211000022280312
GCA_000001215.4	Primary Assembly	Un			DS485538.1	Chromosome	NW_001846827.1	unplaced-scaffold	1115	chrUn_DS485538v1		211000022279666
GCA_000001215.4	Primary Assembly	Un			DS485539.1	Chromosome	NW_001846828.1	unplaced-scaffold	1115	chrUn_DS485539v1		211000022278257
GCA_000001215.4	Primary Assembly	Un			DS485540.1	Chromosome	NW_001846829.1	unplaced-scaffold	1114	chrUn_DS485540v1		211000022279874
GCA_000001215.4	Primary Assembly	Un			DS485541.1	Chromosome	NW_001846830.1	unplaced-scaffold	1114	chrUn_DS485541v1		211000022278248
GCA_000001215.4	Primary Assembly	Un			DS485542.1	Chromosome	NW_001846831.1	unplaced-scaffold	1114	chrUn_DS485542v1		211000022278533
GCA_000001215.4	Primary Assembly	Un			DS485543.1	Chromosome	NW_001846832.1	unplaced-scaffold	1114	chrUn_DS485543v1		211000022279399
GCA_000001215.4	Primary Assembly	Un			DS485544.1	Chromosome	NW_001846833.1	unplaced-scaffold	1114	chrUn_DS485544v1		211000022279325
GCA_000001215.4	Primary Assembly	Un			DS485545.1	Chromosome	NW_001846834.1	unplaced-scaffold	1114	chrUn_DS485545v1		211000022278886
GCA_000001215.4	Primary Assembly	Un			DS485547.1	Chromosome	NW_001846836.1	unplaced-scaffold	1112	chrUn_DS485547v1		211000022278200
GCA_000001215.4	Primary Assembly	Un			DS485548.1	Chromosome	NW_001846837.1	unplaced-scaffold	1112	chrUn_DS485548v1		211000022280702
GCA_000001215.4	Primary Assembly	Un			DS485557.1	Chromosome	NW_001846846.1	unplaced-scaffold	1110	chrUn_DS485557v1		211000022279102
GCA_000001215.4	Primary Assembly	Un			DS485558.1	Chromosome	NW_001846847.1	unplaced-scaffold	1110	chrUn_DS485558v1		211000022278309
GCA_000001215.4	Primary Assembly	Un			DS485559.1	Chromosome	NW_001846848.1	unplaced-scaffold	1110	chrUn_DS485559v1		211000022280331
GCA_000001215.4	Primary Assembly	Un			DS485563.1	Chromosome	NW_001846852.1	unplaced-scaffold	1109	chrUn_DS485563v1		211000022279014
GCA_000001215.4	Primary Assembly	Un			DS485565.1	Chromosome	NW_001846854.1	unplaced-scaffold	1109	chrUn_DS485565v1		211000022280000
GCA_000001215.4	Primary Assembly	Un			DS485566.2	Chromosome	NW_001846855.2	unplaced-scaffold	544	chrUn_DS485566v2		211000022279089
GCA_000001215.4	Primary Assembly	Un			DS485567.1	Chromosome	NW_001846856.1	unplaced-scaffold	1108	chrUn_DS485567v1		211000022279933
GCA_000001215.4	Primary Assembly	Un			DS485569.1	Chromosome	NW_001846858.1	unplaced-scaffold	1108	chrUn_DS485569v1		211000022279414
GCA_000001215.4	Primary Assembly	Un			DS485571.1	Chromosome	NW_001846860.1	unplaced-scaffold	1107	chrUn_DS485571v1		211000022279510
GCA_000001215.4	Primary Assembly	Un			DS485572.1	Chromosome	NW_001846861.1	unplaced-scaffold	1107	chrUn_DS485572v1		211000022278285
GCA_000001215.4	Primary Assembly	Un			DS485574.1	Chromosome	NW_001846863.1	unplaced-scaffold	1106	chrUn_DS485574v1		211000022279923
GCA_000001215.4	Primary Assembly	Un			DS485578.1	Chromosome	NW_001846867.1	unplaced-scaffold	1105	chrUn_DS485578v1		211000022278345
GCA_000001215.4	Primary Assembly	Un			DS485579.1	Chromosome	NW_001846868.1	unplaced-scaffold	1105	chrUn_DS485579v1		211000022280123
GCA_000001215.4	Primary Assembly	Un			DS485581.1	Chromosome	NW_001846870.1	unplaced-scaffold	1105	chrUn_DS485581v1		211000022278603
GCA_000001215.4	Primary Assembly	Un			DS485582.1	Chromosome	NW_001846871.1	unplaced-scaffold	1105	chrUn_DS485582v1		211000022279355
GCA_000001215.4	Primary Assembly	Un			DS485583.1	Chromosome	NW_001846872.1	unplaced-scaffold	1105	chrUn_DS485583v1		211000022279359
GCA_000001215.4	Primary Assembly	Un			DS485584.1	Chromosome	NW_001846873.1	unplaced-scaffold	1105	chrUn_DS485584v1		211000022280097
GCA_000001215.4	Primary Assembly	Un			DS485585.1	Chromosome	NW_001846874.1	unplaced-scaffold	1103	chrUn_DS485585v1		211000022278862
GCA_000001215.4	Primary Assembly	Un			DS485587.1	Chromosome	NW_001846876.1	unplaced-scaffold	1103	chrUn_DS485587v1		211000022279659
GCA_000001215.4	Primary Assembly	Un			DS485588.1	Chromosome	NW_001846877.1	unplaced-scaffold	1103	chrUn_DS485588v1		211000022279160
GCA_000001215.4	Primary Assembly	Un			DS485589.1	Chromosome	NW_001846878.1	unplaced-scaffold	1102	chrUn_DS485589v1		211000022280193
GCA_000001215.4	Primary Assembly	Un			DS485591.1	Chromosome	NW_001846880.1	unplaced-scaffold	1102	chrUn_DS485591v1		211000022280150
GCA_000001215.4	Primary Assembly	Un			DS485593.1	Chromosome	NW_001846882.1	unplaced-scaffold	1101	chrUn_DS485593v1		211000022279965
GCA_000001215.4	Primary Assembly	Un			DS485595.1	Chromosome	NW_001846884.1	unplaced-scaffold	1101	chrUn_DS485595v1		211000022280079
GCA_000001215.4	Primary Assembly	Un			DS485601.1	Chromosome	NW_001846890.1	unplaced-scaffold	1099	chrUn_DS485601v1		211000022280685
GCA_000001215.4	Primary Assembly	Un			DS485602.1	Chromosome	NW_001846891.1	unplaced-scaffold	1099	chrUn_DS485602v1		211000022278197
GCA_000001215.4	Primary Assembly	Un			DS485605.1	Chromosome	NW_001846894.1	unplaced-scaffold	1098	chrUn_DS485605v1		211000022279057
GCA_000001215.4	Primary Assembly	Un			DS485607.1	Chromosome	NW_001846896.1	unplaced-scaffold	1097	chrUn_DS485607v1		211000022279051
GCA_000001215.4	Primary Assembly	Un			DS485608.1	Chromosome	NW_001846897.1	unplaced-scaffold	1097	chrUn_DS485608v1		211000022278090
GCA_000001215.4	Primary Assembly	Un			DS485609.1	Chromosome	NW_001846898.1	unplaced-scaffold	1096	chrUn_DS485609v1		211000022280256
GCA_000001215.4	Primary Assembly	Un			DS485610.1	Chromosome	NW_001846899.1	unplaced-scaffold	1096	chrUn_DS485610v1		211000022279975
GCA_000001215.4	Primary Assembly	Un			DS485614.1	Chromosome	NW_001846903.1	unplaced-scaffold	1094	chrUn_DS485614v1		211000022279336
GCA_000001215.4	Primary Assembly	Un			DS485621.1	Chromosome	NW_001846910.1	unplaced-scaffold	1091	chrUn_DS485621v1		211000022279880
GCA_000001215.4	Primary Assembly	Un			DS485622.1	Chromosome	NW_001846911.1	unplaced-scaffold	1090	chrUn_DS485622v1		211000022279151
GCA_000001215.4	Primary Assembly	Un			DS485623.1	Chromosome	NW_001846912.1	unplaced-scaffold	1090	chrUn_DS485623v1		211000022278537
GCA_000001215.4	Primary Assembly	Un			DS485624.1	Chromosome	NW_001846913.1	unplaced-scaffold	1090	chrUn_DS485624v1		211000022280291
GCA_000001215.4	Primary Assembly	Un			DS485627.1	Chromosome	NW_001846916.1	unplaced-scaffold	1090	chrUn_DS485627v1		211000022280075
GCA_000001215.4	Primary Assembly	Un			DS485628.1	Chromosome	NW_001846917.1	unplaced-scaffold	1089	chrUn_DS485628v1		211000022279943
GCA_000001215.4	Primary Assembly	Un			DS485630.1	Chromosome	NW_001846919.1	unplaced-scaffold	1089	chrUn_DS485630v1		211000022279672
GCA_000001215.4	Primary Assembly	Un			DS485632.1	Chromosome	NW_001846921.1	unplaced-scaffold	1088	chrUn_DS485632v1		211000022279374
GCA_000001215.4	Primary Assembly	Un			DS485634.1	Chromosome	NW_001846923.1	unplaced-scaffold	1088	chrUn_DS485634v1		211000022278349
GCA_000001215.4	Primary Assembly	Un			DS485636.1	Chromosome	NW_001846925.1	unplaced-scaffold	1088	chrUn_DS485636v1		211000022279533
GCA_000001215.4	Primary Assembly	Un			DS485640.1	Chromosome	NW_001846929.1	unplaced-scaffold	1087	chrUn_DS485640v1		211000022280065
GCA_000001215.4	Primary Assembly	Un			DS485642.1	Chromosome	NW_001846931.1	unplaced-scaffold	1087	chrUn_DS485642v1		211000022279551
GCA_000001215.4	Primary Assembly	Un			DS485643.1	Chromosome	NW_001846932.1	unplaced-scaffold	1086	chrUn_DS485643v1		211000022278223
GCA_000001215.4	Primary Assembly	Un			DS485648.1	Chromosome	NW_001846937.1	unplaced-scaffold	1086	chrUn_DS485648v1		211000022280051
GCA_000001215.4	Primary Assembly	Un			DS485650.1	Chromosome	NW_001846939.1	unplaced-scaffold	1084	chrUn_DS485650v1		211000022278761
GCA_000001215.4	Primary Assembly	Un			DS485653.1	Chromosome	NW_001846942.1	unplaced-scaffold	1084	chrUn_DS485653v1		211000022280240
GCA_000001215.4	Primary Assembly	Un			DS485654.1	Chromosome	NW_001846943.1	unplaced-scaffold	1084	chrUn_DS485654v1		211000022278660
GCA_000001215.4	Primary Assembly	Un			DS485655.1	Chromosome	NW_001846944.1	unplaced-scaffold	1083	chrUn_DS485655v1		211000022279781
GCA_000001215.4	Primary Assembly	Un			DS485656.1	Chromosome	NW_001846945.1	unplaced-scaffold	1083	chrUn_DS485656v1		211000022279578
GCA_000001215.4	Primary Assembly	Un			DS485657.1	Chromosome	NW_001846946.1	unplaced-scaffold	1083	chrUn_DS485657v1		211000022279569
GCA_000001215.4	Primary Assembly	Un			DS485659.1	Chromosome	NW_001846948.1	unplaced-scaffold	1082	chrUn_DS485659v1		211000022278573
GCA_000001215.4	Primary Assembly	Un			DS485661.1	Chromosome	NW_001846950.1	unplaced-scaffold	1081	chrUn_DS485661v1		211000022278592
GCA_000001215.4	Primary Assembly	Un			DS485664.1	Chromosome	NW_001846953.1	unplaced-scaffold	1081	chrUn_DS485664v1		211000022278859
GCA_000001215.4	Primary Assembly	Un			DS485666.1	Chromosome	NW_001846955.1	unplaced-scaffold	1080	chrUn_DS485666v1		211000022279369
GCA_000001215.4	Primary Assembly	Un			DS485667.1	Chromosome	NW_001846956.1	unplaced-scaffold	1080	chrUn_DS485667v1		211000022279824
GCA_000001215.4	Primary Assembly	Un			DS485668.1	Chromosome	NW_001846957.1	unplaced-scaffold	1080	chrUn_DS485668v1		211000022278878
GCA_000001215.4	Primary Assembly	Un			DS485670.1	Chromosome	NW_001846959.1	unplaced-scaffold	1079	chrUn_DS485670v1		211000022280084
GCA_000001215.4	Primary Assembly	Un			DS485671.1	Chromosome	NW_001846960.1	unplaced-scaffold	1079	chrUn_DS485671v1		211000022279154
GCA_000001215.4	Primary Assembly	Un			DS485673.1	Chromosome	NW_001846962.1	unplaced-scaffold	1078	chrUn_DS485673v1		211000022278371
GCA_000001215.4	Primary Assembly	Un			DS485675.1	Chromosome	NW_001846964.1	unplaced-scaffold	1078	chrUn_DS485675v1		211000022278301
GCA_000001215.4	Primary Assembly	Un			DS485678.1	Chromosome	NW_001846967.1	unplaced-scaffold	1077	chrUn_DS485678v1		211000022278241
GCA_000001215.4	Primary Assembly	Un			DS485679.1	Chromosome	NW_001846968.1	unplaced-scaffold	1077	chrUn_DS485679v1		211000022279252
GCA_000001215.4	Primary Assembly	Un			DS485681.1	Chromosome	NW_001846970.1	unplaced-scaffold	1076	chrUn_DS485681v1		211000022279141
GCA_000001215.4	Primary Assembly	Un			DS485682.1	Chromosome	NW_001846971.1	unplaced-scaffold	1076	chrUn_DS485682v1		211000022279013
GCA_000001215.4	Primary Assembly	Un			DS485683.1	Chromosome	NW_001846972.1	unplaced-scaffold	1076	chrUn_DS485683v1		211000022278776
GCA_000001215.4	Primary Assembly	Un			DS485684.1	Chromosome	NW_001846973.1	unplaced-scaffold	1076	chrUn_DS485684v1		211000022279155
GCA_000001215.4	Primary Assembly	Un			DS485686.1	Chromosome	NW_001846975.1	unplaced-scaffold	1075	chrUn_DS485686v1		211000022278917
GCA_000001215.4	Primary Assembly	Un			DS485688.1	Chromosome	NW_001846977.1	unplaced-scaffold	1075	chrUn_DS485688v1		211000022278903
GCA_000001215.4	Primary Assembly	Un			DS485692.1	Chromosome	NW_001846981.1	unplaced-scaffold	1074	chrUn_DS485692v1		211000022279959
GCA_000001215.4	Primary Assembly	Un			DS485693.1	Chromosome	NW_001846982.1	unplaced-scaffold	1074	chrUn_DS485693v1		211000022278730
GCA_000001215.4	Primary Assembly	Un			DS485694.1	Chromosome	NW_001846983.1	unplaced-scaffold	1074	chrUn_DS485694v1		211000022280054
GCA_000001215.4	Primary Assembly	Un			DS485695.2	Chromosome	NW_001846984.2	unplaced-scaffold	564	chrUn_DS485695v2		211000022280427
GCA_000001215.4	Primary Assembly	Un			DS485701.1	Chromosome	NW_001846990.1	unplaced-scaffold	1072	chrUn_DS485701v1		211000022278600
GCA_000001215.4	Primary Assembly	Un			DS485703.1	Chromosome	NW_001846992.1	unplaced-scaffold	1071	chrUn_DS485703v1		211000022278311
GCA_000001215.4	Primary Assembly	Un			DS485709.1	Chromosome	NW_001846998.1	unplaced-scaffold	1070	chrUn_DS485709v1		211000022279624
GCA_000001215.4	Primary Assembly	Un			DS485711.1	Chromosome	NW_001847000.1	unplaced-scaffold	1070	chrUn_DS485711v1		211000022278441
GCA_000001215.4	Primary Assembly	Un			DS485712.1	Chromosome	NW_001847001.1	unplaced-scaffold	1070	chrUn_DS485712v1		211000022279430
GCA_000001215.4	Primary Assembly	Un			DS485714.1	Chromosome	NW_001847003.1	unplaced-scaffold	1069	chrUn_DS485714v1		211000022279742
GCA_000001215.4	Primary Assembly	Un			DS485717.1	Chromosome	NW_001847006.1	unplaced-scaffold	1069	chrUn_DS485717v1		211000022279592
GCA_000001215.4	Primary Assembly	Un			DS485722.1	Chromosome	NW_001847011.1	unplaced-scaffold	1067	chrUn_DS485722v1		211000022278526
GCA_000001215.4	Primary Assembly	Un			DS485724.1	Chromosome	NW_001847013.1	unplaced-scaffold	1067	chrUn_DS485724v1		211000022280350
GCA_000001215.4	Primary Assembly	Un			DS485725.1	Chromosome	NW_001847014.1	unplaced-scaffold	1066	chrUn_DS485725v1		211000022279405
GCA_000001215.4	Primary Assembly	Un			DS485728.1	Chromosome	NW_001847017.1	unplaced-scaffold	1064	chrUn_DS485728v1		211000022279727
GCA_000001215.4	Primary Assembly	Un			DS485729.1	Chromosome	NW_001847018.1	unplaced-scaffold	1064	chrUn_DS485729v1		211000022279149
GCA_000001215.4	Primary Assembly	Un			DS485733.1	Chromosome	NW_001847022.1	unplaced-scaffold	1063	chrUn_DS485733v1		211000022278276
GCA_000001215.4	Primary Assembly	Un			DS485737.1	Chromosome	NW_001847026.1	unplaced-scaffold	1063	chrUn_DS485737v1		211000022279584
GCA_000001215.4	Primary Assembly	Un			DS485740.1	Chromosome	NW_001847029.1	unplaced-scaffold	1063	chrUn_DS485740v1		211000022278699
GCA_000001215.4	Primary Assembly	Un			DS485741.1	Chromosome	NW_001847030.1	unplaced-scaffold	1063	chrUn_DS485741v1		211000022278253
GCA_000001215.4	Primary Assembly	Un			DS485742.1	Chromosome	NW_001847031.1	unplaced-scaffold	1062	chrUn_DS485742v1		211000022279242
GCA_000001215.4	Primary Assembly	Un			DS485743.1	Chromosome	NW_001847032.1	unplaced-scaffold	1062	chrUn_DS485743v1		211000022278540
GCA_000001215.4	Primary Assembly	Un			DS485746.1	Chromosome	NW_001847035.1	unplaced-scaffold	1062	chrUn_DS485746v1		211000022280142
GCA_000001215.4	Primary Assembly	Un			DS485747.1	Chromosome	NW_001847036.1	unplaced-scaffold	1062	chrUn_DS485747v1		211000022278385
GCA_000001215.4	Primary Assembly	Un			DS485748.1	Chromosome	NW_001847037.1	unplaced-scaffold	1061	chrUn_DS485748v1		211000022278260
GCA_000001215.4	Primary Assembly	Un			DS485750.1	Chromosome	NW_001847039.1	unplaced-scaffold	1060	chrUn_DS485750v1		211000022279927
GCA_000001215.4	Primary Assembly	Un			DS485751.1	Chromosome	NW_001847040.1	unplaced-scaffold	1060	chrUn_DS485751v1		211000022278881
GCA_000001215.4	Primary Assembly	Un			DS485753.1	Chromosome	NW_001847042.1	unplaced-scaffold	1059	chrUn_DS485753v1		211000022278720
GCA_000001215.4	Primary Assembly	Un			DS485754.1	Chromosome	NW_001847043.1	unplaced-scaffold	1059	chrUn_DS485754v1		211000022279952
GCA_000001215.4	Primary Assembly	Un			DS485757.1	Chromosome	NW_001847046.1	unplaced-scaffold	1058	chrUn_DS485757v1		211000022279782
GCA_000001215.4	Primary Assembly	Un			DS485760.1	Chromosome	NW_001847049.1	unplaced-scaffold	1058	chrUn_DS485760v1		211000022278106
GCA_000001215.4	Primary Assembly	Un			DS485766.1	Chromosome	NW_001847055.1	unplaced-scaffold	1056	chrUn_DS485766v1		211000022278989
GCA_000001215.4	Primary Assembly	Un			DS485770.1	Chromosome	NW_001847059.1	unplaced-scaffold	1055	chrUn_DS485770v1		211000022279814
GCA_000001215.4	Primary Assembly	Un			DS485773.1	Chromosome	NW_001847062.1	unplaced-scaffold	1054	chrUn_DS485773v1		211000022278571
GCA_000001215.4	Primary Assembly	Un			DS485774.1	Chromosome	NW_001847063.1	unplaced-scaffold	1053	chrUn_DS485774v1		211000022279885
GCA_000001215.4	Primary Assembly	Un			DS485775.1	Chromosome	NW_001847064.1	unplaced-scaffold	1053	chrUn_DS485775v1		211000022279506
GCA_000001215.4	Primary Assembly	Un			DS485780.1	Chromosome	NW_001847069.1	unplaced-scaffold	1053	chrUn_DS485780v1		211000022279572
GCA_000001215.4	Primary Assembly	Un			DS485781.1	Chromosome	NW_001847070.1	unplaced-scaffold	1052	chrUn_DS485781v1		211000022278530
GCA_000001215.4	Primary Assembly	Un			DS485783.1	Chromosome	NW_001847072.1	unplaced-scaffold	1052	chrUn_DS485783v1		211000022278199
GCA_000001215.4	Primary Assembly	Un			DS485788.1	Chromosome	NW_001847077.1	unplaced-scaffold	1051	chrUn_DS485788v1		211000022278357
GCA_000001215.4	Primary Assembly	Un			DS485789.1	Chromosome	NW_001847078.1	unplaced-scaffold	1051	chrUn_DS485789v1		211000022278419
GCA_000001215.4	Primary Assembly	Un			DS485792.1	Chromosome	NW_001847081.1	unplaced-scaffold	1050	chrUn_DS485792v1		211000022280043
GCA_000001215.4	Primary Assembly	Un			DS485793.1	Chromosome	NW_001847082.1	unplaced-scaffold	1050	chrUn_DS485793v1		211000022278410
GCA_000001215.4	Primary Assembly	Un			DS485794.1	Chromosome	NW_001847083.1	unplaced-scaffold	1049	chrUn_DS485794v1		211000022278501
GCA_000001215.4	Primary Assembly	Un			DS485796.1	Chromosome	NW_001847085.1	unplaced-scaffold	1049	chrUn_DS485796v1		211000022279424
GCA_000001215.4	Primary Assembly	Un			DS485802.1	Chromosome	NW_001847091.1	unplaced-scaffold	1048	chrUn_DS485802v1		211000022279286
GCA_000001215.4	Primary Assembly	Un			DS485803.1	Chromosome	NW_001847092.1	unplaced-scaffold	1048	chrUn_DS485803v1		211000022279258
GCA_000001215.4	Primary Assembly	Un			DS485806.1	Chromosome	NW_001847095.1	unplaced-scaffold	1048	chrUn_DS485806v1		211000022280069
GCA_000001215.4	Primary Assembly	Un			DS485807.1	Chromosome	NW_001847096.1	unplaced-scaffold	1048	chrUn_DS485807v1		211000022280149
GCA_000001215.4	Primary Assembly	Un			DS485808.1	Chromosome	NW_001847097.1	unplaced-scaffold	1047	chrUn_DS485808v1		211000022278339
GCA_000001215.4	Primary Assembly	Un			DS485810.1	Chromosome	NW_001847099.1	unplaced-scaffold	1047	chrUn_DS485810v1		211000022278641
GCA_000001215.4	Primary Assembly	Un			DS485812.1	Chromosome	NW_001847101.1	unplaced-scaffold	1047	chrUn_DS485812v1		211000022278804
GCA_000001215.4	Primary Assembly	Un			DS485818.1	Chromosome	NW_001847107.1	unplaced-scaffold	1045	chrUn_DS485818v1		211000022279465
GCA_000001215.4	Primary Assembly	Un			DS485820.1	Chromosome	NW_001847109.1	unplaced-scaffold	1045	chrUn_DS485820v1		211000022279168
GCA_000001215.4	Primary Assembly	Un			DS485821.1	Chromosome	NW_001847110.1	unplaced-scaffold	1045	chrUn_DS485821v1		211000022278535
GCA_000001215.4	Primary Assembly	Un			DS485822.1	Chromosome	NW_001847111.1	unplaced-scaffold	1045	chrUn_DS485822v1		211000022278240
GCA_000001215.4	Primary Assembly	Un			DS485823.1	Chromosome	NW_001847112.1	unplaced-scaffold	1044	chrUn_DS485823v1		211000022279387
GCA_000001215.4	Primary Assembly	Un			DS485825.1	Chromosome	NW_001847114.1	unplaced-scaffold	1044	chrUn_DS485825v1		211000022278427
GCA_000001215.4	Primary Assembly	Un			DS485826.1	Chromosome	NW_001847115.1	unplaced-scaffold	1044	chrUn_DS485826v1		211000022278985
GCA_000001215.4	Primary Assembly	Un			DS485827.1	Chromosome	NW_001847116.1	unplaced-scaffold	1043	chrUn_DS485827v1		211000022279771
GCA_000001215.4	Primary Assembly	Un			DS485828.1	Chromosome	NW_001847117.1	unplaced-scaffold	1043	chrUn_DS485828v1		211000022278996
GCA_000001215.4	Primary Assembly	Un			DS485832.1	Chromosome	NW_001847121.1	unplaced-scaffold	1042	chrUn_DS485832v1		211000022280168
GCA_000001215.4	Primary Assembly	Un			DS485833.1	Chromosome	NW_001847122.1	unplaced-scaffold	1042	chrUn_DS485833v1		211000022279740
GCA_000001215.4	Primary Assembly	Un			DS485838.1	Chromosome	NW_001847127.1	unplaced-scaffold	1042	chrUn_DS485838v1		211000022278599
GCA_000001215.4	Primary Assembly	Un			DS485841.1	Chromosome	NW_001847130.1	unplaced-scaffold	1041	chrUn_DS485841v1		211000022279329
GCA_000001215.4	Primary Assembly	Un			DS485842.1	Chromosome	NW_001847131.1	unplaced-scaffold	1041	chrUn_DS485842v1		211000022278983
GCA_000001215.4	Primary Assembly	Un			DS485846.1	Chromosome	NW_001847135.1	unplaced-scaffold	1040	chrUn_DS485846v1		211000022278305
GCA_000001215.4	Primary Assembly	Un			DS485847.1	Chromosome	NW_001847136.1	unplaced-scaffold	1040	chrUn_DS485847v1		211000022279271
GCA_000001215.4	Primary Assembly	Un			DS485848.1	Chromosome	NW_001847137.1	unplaced-scaffold	1040	chrUn_DS485848v1		211000022280117
GCA_000001215.4	Primary Assembly	Un			DS485850.1	Chromosome	NW_001847139.1	unplaced-scaffold	1039	chrUn_DS485850v1		211000022279443
GCA_000001215.4	Primary Assembly	Un			DS485851.1	Chromosome	NW_001847140.1	unplaced-scaffold	1039	chrUn_DS485851v1		211000022280025
GCA_000001215.4	Primary Assembly	Un			DS485853.1	Chromosome	NW_001847142.1	unplaced-scaffold	1038	chrUn_DS485853v1		211000022278291
GCA_000001215.4	Primary Assembly	Un			DS485854.1	Chromosome	NW_001847143.1	unplaced-scaffold	1038	chrUn_DS485854v1		211000022278517
GCA_000001215.4	Primary Assembly	Un			DS485859.1	Chromosome	NW_001847148.1	unplaced-scaffold	1036	chrUn_DS485859v1		211000022278158
GCA_000001215.4	Primary Assembly	Un			DS485863.1	Chromosome	NW_001847152.1	unplaced-scaffold	1035	chrUn_DS485863v1		211000022278970
GCA_000001215.4	Primary Assembly	Un			DS485864.1	Chromosome	NW_001847153.1	unplaced-scaffold	1035	chrUn_DS485864v1		211000022278562
GCA_000001215.4	Primary Assembly	Un			DS485867.1	Chromosome	NW_001847156.1	unplaced-scaffold	1035	chrUn_DS485867v1		211000022279053
GCA_000001215.4	Primary Assembly	Un			DS485868.1	Chromosome	NW_001847157.1	unplaced-scaffold	1035	chrUn_DS485868v1		211000022279050
GCA_000001215.4	Primary Assembly	Un			DS485870.1	Chromosome	NW_001847159.1	unplaced-scaffold	1033	chrUn_DS485870v1		211000022278453
GCA_000001215.4	Primary Assembly	Un			DS485872.1	Chromosome	NW_001847161.1	unplaced-scaffold	1033	chrUn_DS485872v1		211000022278541
GCA_000001215.4	Primary Assembly	Un			DS485874.1	Chromosome	NW_001847163.1	unplaced-scaffold	1033	chrUn_DS485874v1		211000022279906
GCA_000001215.4	Primary Assembly	Un			DS485876.1	Chromosome	NW_001847165.1	unplaced-scaffold	1032	chrUn_DS485876v1		211000022279599
GCA_000001215.4	Primary Assembly	Un			DS485878.1	Chromosome	NW_001847167.1	unplaced-scaffold	1032	chrUn_DS485878v1		211000022280178
GCA_000001215.4	Primary Assembly	Un			DS485880.1	Chromosome	NW_001847169.1	unplaced-scaffold	1031	chrUn_DS485880v1		211000022279356
GCA_000001215.4	Primary Assembly	Un			DS485882.1	Chromosome	NW_001847171.1	unplaced-scaffold	1031	chrUn_DS485882v1		211000022280014
GCA_000001215.4	Primary Assembly	Un			DS485883.1	Chromosome	NW_001847172.1	unplaced-scaffold	1030	chrUn_DS485883v1		211000022278680
GCA_000001215.4	Primary Assembly	Un			DS485886.1	Chromosome	NW_001847175.1	unplaced-scaffold	1030	chrUn_DS485886v1		211000022278588
GCA_000001215.4	Primary Assembly	Un			DS485887.1	Chromosome	NW_001847176.1	unplaced-scaffold	1029	chrUn_DS485887v1		211000022279117
GCA_000001215.4	Primary Assembly	Un			DS485889.1	Chromosome	NW_001847178.1	unplaced-scaffold	1029	chrUn_DS485889v1		211000022280011
GCA_000001215.4	Primary Assembly	Un			DS485891.1	Chromosome	NW_001847180.1	unplaced-scaffold	1029	chrUn_DS485891v1		211000022278386
GCA_000001215.4	Primary Assembly	Un			DS485893.1	Chromosome	NW_001847182.1	unplaced-scaffold	1029	chrUn_DS485893v1		211000022278948
GCA_000001215.4	Primary Assembly	Un			DS485897.1	Chromosome	NW_001847186.1	unplaced-scaffold	1028	chrUn_DS485897v1		211000022280266
GCA_000001215.4	Primary Assembly	Un			DS485900.1	Chromosome	NW_001847189.1	unplaced-scaffold	1027	chrUn_DS485900v1		211000022278884
GCA_000001215.4	Primary Assembly	Un			DS485902.1	Chromosome	NW_001847191.1	unplaced-scaffold	1026	chrUn_DS485902v1		211000022279120
GCA_000001215.4	Primary Assembly	Un			DS485903.1	Chromosome	NW_001847192.1	unplaced-scaffold	1026	chrUn_DS485903v1		211000022279351
GCA_000001215.4	Primary Assembly	Un			DS485904.1	Chromosome	NW_001847193.1	unplaced-scaffold	1025	chrUn_DS485904v1		211000022278898
GCA_000001215.4	Primary Assembly	Un			DS485905.1	Chromosome	NW_001847194.1	unplaced-scaffold	1025	chrUn_DS485905v1		211000022278972
GCA_000001215.4	Primary Assembly	Un			DS485906.1	Chromosome	NW_001847195.1	unplaced-scaffold	1025	chrUn_DS485906v1		211000022278207
GCA_000001215.4	Primary Assembly	Un			DS485907.1	Chromosome	NW_001847196.1	unplaced-scaffold	1025	chrUn_DS485907v1		211000022278377
GCA_000001215.4	Primary Assembly	Un			DS485911.1	Chromosome	NW_001847200.1	unplaced-scaffold	1023	chrUn_DS485911v1		211000022279526
GCA_000001215.4	Primary Assembly	Un			DS485912.1	Chromosome	NW_001847201.1	unplaced-scaffold	1022	chrUn_DS485912v1		211000022279262
GCA_000001215.4	Primary Assembly	Un			DS485915.1	Chromosome	NW_001847204.1	unplaced-scaffold	1022	chrUn_DS485915v1		211000022279289
GCA_000001215.4	Primary Assembly	Un			DS485917.1	Chromosome	NW_001847206.1	unplaced-scaffold	1022	chrUn_DS485917v1		211000022279195
GCA_000001215.4	Primary Assembly	Un			DS485918.1	Chromosome	NW_001847207.1	unplaced-scaffold	1021	chrUn_DS485918v1		211000022279954
GCA_000001215.4	Primary Assembly	Un			DS485919.1	Chromosome	NW_001847208.1	unplaced-scaffold	1021	chrUn_DS485919v1		211000022278031
GCA_000001215.4	Primary Assembly	Un			DS485923.1	Chromosome	NW_001847212.1	unplaced-scaffold	1021	chrUn_DS485923v1		211000022279809
GCA_000001215.4	Primary Assembly	Un			DS485925.1	Chromosome	NW_001847214.1	unplaced-scaffold	1020	chrUn_DS485925v1		211000022278287
GCA_000001215.4	Primary Assembly	Un			DS485929.1	Chromosome	NW_001847218.1	unplaced-scaffold	1020	chrUn_DS485929v1		211000022278585
GCA_000001215.4	Primary Assembly	Un			DS485932.1	Chromosome	NW_001847221.1	unplaced-scaffold	1019	chrUn_DS485932v1		211000022279785
GCA_000001215.4	Primary Assembly	Un			DS485933.1	Chromosome	NW_001847222.1	unplaced-scaffold	1019	chrUn_DS485933v1		211000022279308
GCA_000001215.4	Primary Assembly	Un			DS485935.1	Chromosome	NW_001847224.1	unplaced-scaffold	1019	chrUn_DS485935v1		211000022280681
GCA_000001215.4	Primary Assembly	Un			DS485939.1	Chromosome	NW_001847228.1	unplaced-scaffold	1018	chrUn_DS485939v1		211000022279644
GCA_000001215.4	Primary Assembly	Un			DS485940.1	Chromosome	NW_001847229.1	unplaced-scaffold	1018	chrUn_DS485940v1		211000022278759
GCA_000001215.4	Primary Assembly	Un			DS485944.1	Chromosome	NW_001847233.1	unplaced-scaffold	1016	chrUn_DS485944v1		211000022279741
GCA_000001215.4	Primary Assembly	Un			DS485946.1	Chromosome	NW_001847235.1	unplaced-scaffold	1016	chrUn_DS485946v1		211000022279736
GCA_000001215.4	Primary Assembly	Un			DS485947.1	Chromosome	NW_001847236.1	unplaced-scaffold	1016	chrUn_DS485947v1		211000022279626
GCA_000001215.4	Primary Assembly	Un			DS485948.1	Chromosome	NW_001847237.1	unplaced-scaffold	1015	chrUn_DS485948v1		211000022279609
GCA_000001215.4	Primary Assembly	Un			DS485952.1	Chromosome	NW_001847241.1	unplaced-scaffold	1014	chrUn_DS485952v1		211000022279693
GCA_000001215.4	Primary Assembly	Un			DS485953.1	Chromosome	NW_001847242.1	unplaced-scaffold	1014	chrUn_DS485953v1		211000022279792
GCA_000001215.4	Primary Assembly	Un			DS485954.1	Chromosome	NW_001847243.1	unplaced-scaffold	1014	chrUn_DS485954v1		211000022278424
GCA_000001215.4	Primary Assembly	Un			DS485955.1	Chromosome	NW_001847244.1	unplaced-scaffold	1014	chrUn_DS485955v1		211000022280290
GCA_000001215.4	Primary Assembly	Un			DS485957.1	Chromosome	NW_001847246.1	unplaced-scaffold	1013	chrUn_DS485957v1		211000022278247
GCA_000001215.4	Primary Assembly	Un			DS485958.1	Chromosome	NW_001847247.1	unplaced-scaffold	1013	chrUn_DS485958v1		211000022278258
GCA_000001215.4	Primary Assembly	Un			DS485964.1	Chromosome	NW_001847253.1	unplaced-scaffold	1012	chrUn_DS485964v1		211000022279134
GCA_000001215.4	Primary Assembly	Un			DS485965.1	Chromosome	NW_001847254.1	unplaced-scaffold	1012	chrUn_DS485965v1		211000022279215
GCA_000001215.4	Primary Assembly	Un			DS485966.1	Chromosome	NW_001847255.1	unplaced-scaffold	1011	chrUn_DS485966v1		211000022279946
GCA_000001215.4	Primary Assembly	Un			DS485968.1	Chromosome	NW_001847257.1	unplaced-scaffold	1011	chrUn_DS485968v1		211000022279342
GCA_000001215.4	Primary Assembly	Un			DS485969.1	Chromosome	NW_001847258.1	unplaced-scaffold	1011	chrUn_DS485969v1		211000022279180
GCA_000001215.4	Primary Assembly	Un			DS485973.1	Chromosome	NW_001847262.1	unplaced-scaffold	1010	chrUn_DS485973v1		211000022278272
GCA_000001215.4	Primary Assembly	Un			DS485979.1	Chromosome	NW_001847268.1	unplaced-scaffold	1008	chrUn_DS485979v1		211000022278095
GCA_000001215.4	Primary Assembly	Un			DS485980.1	Chromosome	NW_001847269.1	unplaced-scaffold	1008	chrUn_DS485980v1		211000022279200
GCA_000001215.4	Primary Assembly	Un			DS485982.1	Chromosome	NW_001847271.1	unplaced-scaffold	1007	chrUn_DS485982v1		211000022278650
GCA_000001215.4	Primary Assembly	Un			DS485983.1	Chromosome	NW_001847272.1	unplaced-scaffold	1006	chrUn_DS485983v1		211000022279353
GCA_000001215.4	Primary Assembly	Un			DS485984.1	Chromosome	NW_001847273.1	unplaced-scaffold	1006	chrUn_DS485984v1		211000022278152
GCA_000001215.4	Primary Assembly	Un			DS485985.1	Chromosome	NW_001847274.1	unplaced-scaffold	1006	chrUn_DS485985v1		211000022278718
GCA_000001215.4	Primary Assembly	Un			DS485986.1	Chromosome	NW_001847275.1	unplaced-scaffold	1005	chrUn_DS485986v1		211000022279384
GCA_000001215.4	Primary Assembly	Un			DS485988.1	Chromosome	NW_001847277.1	unplaced-scaffold	1005	chrUn_DS485988v1		211000022280165
GCA_000001215.4	Primary Assembly	Un			DS485989.1	Chromosome	NW_001847278.1	unplaced-scaffold	1005	chrUn_DS485989v1		211000022278539
GCA_000001215.4	Primary Assembly	Un			DS485991.1	Chromosome	NW_001847280.1	unplaced-scaffold	1005	chrUn_DS485991v1		211000022279132
GCA_000001215.4	Primary Assembly	Un			DS485995.1	Chromosome	NW_001847284.1	unplaced-scaffold	1004	chrUn_DS485995v1		211000022278137
GCA_000001215.4	Primary Assembly	Un			DS485996.1	Chromosome	NW_001847285.1	unplaced-scaffold	1004	chrUn_DS485996v1		211000022279409
GCA_000001215.4	Primary Assembly	Un			DS485997.1	Chromosome	NW_001847286.1	unplaced-scaffold	1004	chrUn_DS485997v1		211000022279103
GCA_000001215.4	Primary Assembly	Un			DS485998.1	Chromosome	NW_001847287.1	unplaced-scaffold	1003	chrUn_DS485998v1		211000022278074
GCA_000001215.4	Primary Assembly	Un			DS486002.1	Chromosome	NW_001847291.1	unplaced-scaffold	1001	chrUn_DS486002v1		211000022278179
GCA_000001215.4	Primary Assembly	Un			DS486004.1	Chromosome	NW_001847293.1	unplaced-scaffold	1001	chrUn_DS486004v1		211000022279016
GCA_000001215.4	Primary Assembly	Un			DS486005.1	Chromosome	NW_001847294.1	unplaced-scaffold	1001	chrUn_DS486005v1		211000022278576
GCA_000001215.4	Primary Assembly	Un			DS486008.1	Chromosome	NW_001847297.1	unplaced-scaffold	1001	chrUn_DS486008v1		211000022278384
GCA_000001215.4	non-nuclear	MT	3471	18	KJ947872.2	Mitochondrion	NC_024511.2	assembled-molecule	19524	chrM		mitochondrion_genome
